# uefn-cli meshgen
mtllib Main.mtl
o Main
v 65.0000 -0.0000 0.0000
v 63.8582 -0.0000 5.7403
v 60.6066 -0.0000 10.6066
v 55.7403 -0.0000 13.8582
v 50.0000 -0.0000 15.0000
v 44.2597 -0.0000 13.8582
v 39.3934 -0.0000 10.6066
v 36.1418 -0.0000 5.7403
v 35.0000 -0.0000 0.0000
v 36.1418 -0.0000 -5.7403
v 39.3934 -0.0000 -10.6066
v 44.2597 -0.0000 -13.8582
v 50.0000 -0.0000 -15.0000
v 55.7403 -0.0000 -13.8582
v 60.6066 -0.0000 -10.6066
v 63.8582 -0.0000 -5.7403
v 65.0000 -0.0000 -0.0000
v 64.4439 -8.4842 0.0000
v 63.3119 -8.3352 5.7403
v 60.0881 -7.9107 10.6066
v 55.2634 -7.2756 13.8582
v 49.5722 -6.5263 15.0000
v 43.8811 -5.7771 13.8582
v 39.0564 -5.1419 10.6066
v 35.8326 -4.7175 5.7403
v 34.7006 -4.5684 0.0000
v 35.8326 -4.7175 -5.7403
v 39.0564 -5.1419 -10.6066
v 43.8811 -5.7771 -13.8582
v 49.5722 -6.5263 -15.0000
v 55.2634 -7.2756 -13.8582
v 60.0881 -7.9107 -10.6066
v 63.3119 -8.3352 -5.7403
v 64.4439 -8.4842 -0.0000
v 62.7852 -16.8232 0.0000
v 61.6823 -16.5277 5.7403
v 58.5415 -15.6861 10.6066
v 53.8409 -14.4266 13.8582
v 48.2963 -12.9410 15.0000
v 42.7516 -11.4553 13.8582
v 38.0511 -10.1958 10.6066
v 34.9103 -9.3542 5.7403
v 33.8074 -9.0587 0.0000
v 34.9103 -9.3542 -5.7403
v 38.0511 -10.1958 -10.6066
v 42.7516 -11.4553 -13.8582
v 48.2963 -12.9410 -15.0000
v 53.8409 -14.4266 -13.8582
v 58.5415 -15.6861 -10.6066
v 61.6823 -16.5277 -5.7403
v 62.7852 -16.8232 -0.0000
v 60.0522 -24.8744 0.0000
v 58.9973 -24.4375 5.7403
v 55.9932 -23.1931 10.6066
v 51.4973 -21.3309 13.8582
v 46.1940 -19.1342 15.0000
v 40.8907 -16.9375 13.8582
v 36.3948 -15.0752 10.6066
v 33.3907 -13.8309 5.7403
v 32.3358 -13.3939 0.0000
v 33.3907 -13.8309 -5.7403
v 36.3948 -15.0752 -10.6066
v 40.8907 -16.9375 -13.8582
v 46.1940 -19.1342 -15.0000
v 51.4973 -21.3309 -13.8582
v 55.9932 -23.1931 -10.6066
v 58.9973 -24.4375 -5.7403
v 60.0522 -24.8744 -0.0000
v 56.2917 -32.5000 0.0000
v 55.3028 -31.9291 5.7403
v 52.4869 -30.3033 10.6066
v 48.2725 -27.8701 13.8582
v 43.3013 -25.0000 15.0000
v 38.3301 -22.1299 13.8582
v 34.1157 -19.6967 10.6066
v 31.2997 -18.0709 5.7403
v 30.3109 -17.5000 0.0000
v 31.2997 -18.0709 -5.7403
v 34.1157 -19.6967 -10.6066
v 38.3301 -22.1299 -13.8582
v 43.3013 -25.0000 -15.0000
v 48.2725 -27.8701 -13.8582
v 52.4869 -30.3033 -10.6066
v 55.3028 -31.9291 -5.7403
v 56.2917 -32.5000 -0.0000
v 51.5680 -39.5695 0.0000
v 50.6621 -38.8744 5.7403
v 48.0824 -36.8950 10.6066
v 44.2217 -33.9325 13.8582
v 39.6677 -30.4381 15.0000
v 35.1136 -26.9436 13.8582
v 31.2529 -23.9812 10.6066
v 28.6732 -22.0017 5.7403
v 27.7674 -21.3067 0.0000
v 28.6732 -22.0017 -5.7403
v 31.2529 -23.9812 -10.6066
v 35.1136 -26.9436 -13.8582
v 39.6677 -30.4381 -15.0000
v 44.2217 -33.9325 -13.8582
v 48.0824 -36.8950 -10.6066
v 50.6621 -38.8744 -5.7403
v 51.5680 -39.5695 -0.0000
v 45.9619 -45.9619 0.0000
v 45.1546 -45.1546 5.7403
v 42.8553 -42.8553 10.6066
v 39.4143 -39.4143 13.8582
v 35.3553 -35.3553 15.0000
v 31.2964 -31.2964 13.8582
v 27.8553 -27.8553 10.6066
v 25.5561 -25.5561 5.7403
v 24.7487 -24.7487 0.0000
v 25.5561 -25.5561 -5.7403
v 27.8553 -27.8553 -10.6066
v 31.2964 -31.2964 -13.8582
v 35.3553 -35.3553 -15.0000
v 39.4143 -39.4143 -13.8582
v 42.8553 -42.8553 -10.6066
v 45.1546 -45.1546 -5.7403
v 45.9619 -45.9619 -0.0000
v 39.5695 -51.5680 0.0000
v 38.8744 -50.6621 5.7403
v 36.8950 -48.0824 10.6066
v 33.9325 -44.2217 13.8582
v 30.4381 -39.6677 15.0000
v 26.9436 -35.1136 13.8582
v 23.9812 -31.2529 10.6066
v 22.0017 -28.6732 5.7403
v 21.3067 -27.7674 0.0000
v 22.0017 -28.6732 -5.7403
v 23.9812 -31.2529 -10.6066
v 26.9436 -35.1136 -13.8582
v 30.4381 -39.6677 -15.0000
v 33.9325 -44.2217 -13.8582
v 36.8950 -48.0824 -10.6066
v 38.8744 -50.6621 -5.7403
v 39.5695 -51.5680 -0.0000
v 32.5000 -56.2917 0.0000
v 31.9291 -55.3028 5.7403
v 30.3033 -52.4869 10.6066
v 27.8701 -48.2725 13.8582
v 25.0000 -43.3013 15.0000
v 22.1299 -38.3301 13.8582
v 19.6967 -34.1157 10.6066
v 18.0709 -31.2997 5.7403
v 17.5000 -30.3109 0.0000
v 18.0709 -31.2997 -5.7403
v 19.6967 -34.1157 -10.6066
v 22.1299 -38.3301 -13.8582
v 25.0000 -43.3013 -15.0000
v 27.8701 -48.2725 -13.8582
v 30.3033 -52.4869 -10.6066
v 31.9291 -55.3028 -5.7403
v 32.5000 -56.2917 -0.0000
v 24.8744 -60.0522 0.0000
v 24.4375 -58.9973 5.7403
v 23.1931 -55.9932 10.6066
v 21.3309 -51.4973 13.8582
v 19.1342 -46.1940 15.0000
v 16.9375 -40.8907 13.8582
v 15.0752 -36.3948 10.6066
v 13.8309 -33.3907 5.7403
v 13.3939 -32.3358 0.0000
v 13.8309 -33.3907 -5.7403
v 15.0752 -36.3948 -10.6066
v 16.9375 -40.8907 -13.8582
v 19.1342 -46.1940 -15.0000
v 21.3309 -51.4973 -13.8582
v 23.1931 -55.9932 -10.6066
v 24.4375 -58.9973 -5.7403
v 24.8744 -60.0522 -0.0000
v 16.8232 -62.7852 0.0000
v 16.5277 -61.6823 5.7403
v 15.6861 -58.5415 10.6066
v 14.4266 -53.8409 13.8582
v 12.9410 -48.2963 15.0000
v 11.4553 -42.7516 13.8582
v 10.1958 -38.0511 10.6066
v 9.3542 -34.9103 5.7403
v 9.0587 -33.8074 0.0000
v 9.3542 -34.9103 -5.7403
v 10.1958 -38.0511 -10.6066
v 11.4553 -42.7516 -13.8582
v 12.9410 -48.2963 -15.0000
v 14.4266 -53.8409 -13.8582
v 15.6861 -58.5415 -10.6066
v 16.5277 -61.6823 -5.7403
v 16.8232 -62.7852 -0.0000
v 8.4842 -64.4439 0.0000
v 8.3352 -63.3119 5.7403
v 7.9107 -60.0881 10.6066
v 7.2756 -55.2634 13.8582
v 6.5263 -49.5722 15.0000
v 5.7771 -43.8811 13.8582
v 5.1419 -39.0564 10.6066
v 4.7175 -35.8326 5.7403
v 4.5684 -34.7006 0.0000
v 4.7175 -35.8326 -5.7403
v 5.1419 -39.0564 -10.6066
v 5.7771 -43.8811 -13.8582
v 6.5263 -49.5722 -15.0000
v 7.2756 -55.2634 -13.8582
v 7.9107 -60.0881 -10.6066
v 8.3352 -63.3119 -5.7403
v 8.4842 -64.4439 -0.0000
v 0.0000 -65.0000 0.0000
v 0.0000 -63.8582 5.7403
v 0.0000 -60.6066 10.6066
v 0.0000 -55.7403 13.8582
v 0.0000 -50.0000 15.0000
v 0.0000 -44.2597 13.8582
v 0.0000 -39.3934 10.6066
v 0.0000 -36.1418 5.7403
v 0.0000 -35.0000 0.0000
v 0.0000 -36.1418 -5.7403
v 0.0000 -39.3934 -10.6066
v 0.0000 -44.2597 -13.8582
v 0.0000 -50.0000 -15.0000
v 0.0000 -55.7403 -13.8582
v 0.0000 -60.6066 -10.6066
v 0.0000 -63.8582 -5.7403
v 0.0000 -65.0000 -0.0000
v -8.4842 -64.4439 0.0000
v -8.3352 -63.3119 5.7403
v -7.9107 -60.0881 10.6066
v -7.2756 -55.2634 13.8582
v -6.5263 -49.5722 15.0000
v -5.7771 -43.8811 13.8582
v -5.1419 -39.0564 10.6066
v -4.7175 -35.8326 5.7403
v -4.5684 -34.7006 0.0000
v -4.7175 -35.8326 -5.7403
v -5.1419 -39.0564 -10.6066
v -5.7771 -43.8811 -13.8582
v -6.5263 -49.5722 -15.0000
v -7.2756 -55.2634 -13.8582
v -7.9107 -60.0881 -10.6066
v -8.3352 -63.3119 -5.7403
v -8.4842 -64.4439 -0.0000
v -16.8232 -62.7852 0.0000
v -16.5277 -61.6823 5.7403
v -15.6861 -58.5415 10.6066
v -14.4266 -53.8409 13.8582
v -12.9410 -48.2963 15.0000
v -11.4553 -42.7516 13.8582
v -10.1958 -38.0511 10.6066
v -9.3542 -34.9103 5.7403
v -9.0587 -33.8074 0.0000
v -9.3542 -34.9103 -5.7403
v -10.1958 -38.0511 -10.6066
v -11.4553 -42.7516 -13.8582
v -12.9410 -48.2963 -15.0000
v -14.4266 -53.8409 -13.8582
v -15.6861 -58.5415 -10.6066
v -16.5277 -61.6823 -5.7403
v -16.8232 -62.7852 -0.0000
v -24.8744 -60.0522 0.0000
v -24.4375 -58.9973 5.7403
v -23.1931 -55.9932 10.6066
v -21.3309 -51.4973 13.8582
v -19.1342 -46.1940 15.0000
v -16.9375 -40.8907 13.8582
v -15.0752 -36.3948 10.6066
v -13.8309 -33.3907 5.7403
v -13.3939 -32.3358 0.0000
v -13.8309 -33.3907 -5.7403
v -15.0752 -36.3948 -10.6066
v -16.9375 -40.8907 -13.8582
v -19.1342 -46.1940 -15.0000
v -21.3309 -51.4973 -13.8582
v -23.1931 -55.9932 -10.6066
v -24.4375 -58.9973 -5.7403
v -24.8744 -60.0522 -0.0000
v -32.5000 -56.2917 0.0000
v -31.9291 -55.3028 5.7403
v -30.3033 -52.4869 10.6066
v -27.8701 -48.2725 13.8582
v -25.0000 -43.3013 15.0000
v -22.1299 -38.3301 13.8582
v -19.6967 -34.1157 10.6066
v -18.0709 -31.2997 5.7403
v -17.5000 -30.3109 0.0000
v -18.0709 -31.2997 -5.7403
v -19.6967 -34.1157 -10.6066
v -22.1299 -38.3301 -13.8582
v -25.0000 -43.3013 -15.0000
v -27.8701 -48.2725 -13.8582
v -30.3033 -52.4869 -10.6066
v -31.9291 -55.3028 -5.7403
v -32.5000 -56.2917 -0.0000
v -39.5695 -51.5680 0.0000
v -38.8744 -50.6621 5.7403
v -36.8950 -48.0824 10.6066
v -33.9325 -44.2217 13.8582
v -30.4381 -39.6677 15.0000
v -26.9436 -35.1136 13.8582
v -23.9812 -31.2529 10.6066
v -22.0017 -28.6732 5.7403
v -21.3067 -27.7674 0.0000
v -22.0017 -28.6732 -5.7403
v -23.9812 -31.2529 -10.6066
v -26.9436 -35.1136 -13.8582
v -30.4381 -39.6677 -15.0000
v -33.9325 -44.2217 -13.8582
v -36.8950 -48.0824 -10.6066
v -38.8744 -50.6621 -5.7403
v -39.5695 -51.5680 -0.0000
v -45.9619 -45.9619 0.0000
v -45.1546 -45.1546 5.7403
v -42.8553 -42.8553 10.6066
v -39.4143 -39.4143 13.8582
v -35.3553 -35.3553 15.0000
v -31.2964 -31.2964 13.8582
v -27.8553 -27.8553 10.6066
v -25.5561 -25.5561 5.7403
v -24.7487 -24.7487 0.0000
v -25.5561 -25.5561 -5.7403
v -27.8553 -27.8553 -10.6066
v -31.2964 -31.2964 -13.8582
v -35.3553 -35.3553 -15.0000
v -39.4143 -39.4143 -13.8582
v -42.8553 -42.8553 -10.6066
v -45.1546 -45.1546 -5.7403
v -45.9619 -45.9619 -0.0000
v -51.5680 -39.5695 0.0000
v -50.6621 -38.8744 5.7403
v -48.0824 -36.8950 10.6066
v -44.2217 -33.9325 13.8582
v -39.6677 -30.4381 15.0000
v -35.1136 -26.9436 13.8582
v -31.2529 -23.9812 10.6066
v -28.6732 -22.0017 5.7403
v -27.7674 -21.3067 0.0000
v -28.6732 -22.0017 -5.7403
v -31.2529 -23.9812 -10.6066
v -35.1136 -26.9436 -13.8582
v -39.6677 -30.4381 -15.0000
v -44.2217 -33.9325 -13.8582
v -48.0824 -36.8950 -10.6066
v -50.6621 -38.8744 -5.7403
v -51.5680 -39.5695 -0.0000
v -56.2917 -32.5000 0.0000
v -55.3028 -31.9291 5.7403
v -52.4869 -30.3033 10.6066
v -48.2725 -27.8701 13.8582
v -43.3013 -25.0000 15.0000
v -38.3301 -22.1299 13.8582
v -34.1157 -19.6967 10.6066
v -31.2997 -18.0709 5.7403
v -30.3109 -17.5000 0.0000
v -31.2997 -18.0709 -5.7403
v -34.1157 -19.6967 -10.6066
v -38.3301 -22.1299 -13.8582
v -43.3013 -25.0000 -15.0000
v -48.2725 -27.8701 -13.8582
v -52.4869 -30.3033 -10.6066
v -55.3028 -31.9291 -5.7403
v -56.2917 -32.5000 -0.0000
v -60.0522 -24.8744 0.0000
v -58.9973 -24.4375 5.7403
v -55.9932 -23.1931 10.6066
v -51.4973 -21.3309 13.8582
v -46.1940 -19.1342 15.0000
v -40.8907 -16.9375 13.8582
v -36.3948 -15.0752 10.6066
v -33.3907 -13.8309 5.7403
v -32.3358 -13.3939 0.0000
v -33.3907 -13.8309 -5.7403
v -36.3948 -15.0752 -10.6066
v -40.8907 -16.9375 -13.8582
v -46.1940 -19.1342 -15.0000
v -51.4973 -21.3309 -13.8582
v -55.9932 -23.1931 -10.6066
v -58.9973 -24.4375 -5.7403
v -60.0522 -24.8744 -0.0000
v -62.7852 -16.8232 0.0000
v -61.6823 -16.5277 5.7403
v -58.5415 -15.6861 10.6066
v -53.8409 -14.4266 13.8582
v -48.2963 -12.9410 15.0000
v -42.7516 -11.4553 13.8582
v -38.0511 -10.1958 10.6066
v -34.9103 -9.3542 5.7403
v -33.8074 -9.0587 0.0000
v -34.9103 -9.3542 -5.7403
v -38.0511 -10.1958 -10.6066
v -42.7516 -11.4553 -13.8582
v -48.2963 -12.9410 -15.0000
v -53.8409 -14.4266 -13.8582
v -58.5415 -15.6861 -10.6066
v -61.6823 -16.5277 -5.7403
v -62.7852 -16.8232 -0.0000
v -64.4439 -8.4842 0.0000
v -63.3119 -8.3352 5.7403
v -60.0881 -7.9107 10.6066
v -55.2634 -7.2756 13.8582
v -49.5722 -6.5263 15.0000
v -43.8811 -5.7771 13.8582
v -39.0564 -5.1419 10.6066
v -35.8326 -4.7175 5.7403
v -34.7006 -4.5684 0.0000
v -35.8326 -4.7175 -5.7403
v -39.0564 -5.1419 -10.6066
v -43.8811 -5.7771 -13.8582
v -49.5722 -6.5263 -15.0000
v -55.2634 -7.2756 -13.8582
v -60.0881 -7.9107 -10.6066
v -63.3119 -8.3352 -5.7403
v -64.4439 -8.4842 -0.0000
v -65.0000 -0.0000 0.0000
v -63.8582 -0.0000 5.7403
v -60.6066 -0.0000 10.6066
v -55.7403 -0.0000 13.8582
v -50.0000 -0.0000 15.0000
v -44.2597 -0.0000 13.8582
v -39.3934 -0.0000 10.6066
v -36.1418 -0.0000 5.7403
v -35.0000 -0.0000 0.0000
v -36.1418 -0.0000 -5.7403
v -39.3934 -0.0000 -10.6066
v -44.2597 -0.0000 -13.8582
v -50.0000 -0.0000 -15.0000
v -55.7403 -0.0000 -13.8582
v -60.6066 -0.0000 -10.6066
v -63.8582 -0.0000 -5.7403
v -65.0000 -0.0000 -0.0000
v -64.4439 8.4842 0.0000
v -63.3119 8.3352 5.7403
v -60.0881 7.9107 10.6066
v -55.2634 7.2756 13.8582
v -49.5722 6.5263 15.0000
v -43.8811 5.7771 13.8582
v -39.0564 5.1419 10.6066
v -35.8326 4.7175 5.7403
v -34.7006 4.5684 0.0000
v -35.8326 4.7175 -5.7403
v -39.0564 5.1419 -10.6066
v -43.8811 5.7771 -13.8582
v -49.5722 6.5263 -15.0000
v -55.2634 7.2756 -13.8582
v -60.0881 7.9107 -10.6066
v -63.3119 8.3352 -5.7403
v -64.4439 8.4842 -0.0000
v -62.7852 16.8232 0.0000
v -61.6823 16.5277 5.7403
v -58.5415 15.6861 10.6066
v -53.8409 14.4266 13.8582
v -48.2963 12.9410 15.0000
v -42.7516 11.4553 13.8582
v -38.0511 10.1958 10.6066
v -34.9103 9.3542 5.7403
v -33.8074 9.0587 0.0000
v -34.9103 9.3542 -5.7403
v -38.0511 10.1958 -10.6066
v -42.7516 11.4553 -13.8582
v -48.2963 12.9410 -15.0000
v -53.8409 14.4266 -13.8582
v -58.5415 15.6861 -10.6066
v -61.6823 16.5277 -5.7403
v -62.7852 16.8232 -0.0000
v -60.0522 24.8744 0.0000
v -58.9973 24.4375 5.7403
v -55.9932 23.1931 10.6066
v -51.4973 21.3309 13.8582
v -46.1940 19.1342 15.0000
v -40.8907 16.9375 13.8582
v -36.3948 15.0752 10.6066
v -33.3907 13.8309 5.7403
v -32.3358 13.3939 0.0000
v -33.3907 13.8309 -5.7403
v -36.3948 15.0752 -10.6066
v -40.8907 16.9375 -13.8582
v -46.1940 19.1342 -15.0000
v -51.4973 21.3309 -13.8582
v -55.9932 23.1931 -10.6066
v -58.9973 24.4375 -5.7403
v -60.0522 24.8744 -0.0000
v -56.2917 32.5000 0.0000
v -55.3028 31.9291 5.7403
v -52.4869 30.3033 10.6066
v -48.2725 27.8701 13.8582
v -43.3013 25.0000 15.0000
v -38.3301 22.1299 13.8582
v -34.1157 19.6967 10.6066
v -31.2997 18.0709 5.7403
v -30.3109 17.5000 0.0000
v -31.2997 18.0709 -5.7403
v -34.1157 19.6967 -10.6066
v -38.3301 22.1299 -13.8582
v -43.3013 25.0000 -15.0000
v -48.2725 27.8701 -13.8582
v -52.4869 30.3033 -10.6066
v -55.3028 31.9291 -5.7403
v -56.2917 32.5000 -0.0000
v -51.5680 39.5695 0.0000
v -50.6621 38.8744 5.7403
v -48.0824 36.8950 10.6066
v -44.2217 33.9325 13.8582
v -39.6677 30.4381 15.0000
v -35.1136 26.9436 13.8582
v -31.2529 23.9812 10.6066
v -28.6732 22.0017 5.7403
v -27.7674 21.3067 0.0000
v -28.6732 22.0017 -5.7403
v -31.2529 23.9812 -10.6066
v -35.1136 26.9436 -13.8582
v -39.6677 30.4381 -15.0000
v -44.2217 33.9325 -13.8582
v -48.0824 36.8950 -10.6066
v -50.6621 38.8744 -5.7403
v -51.5680 39.5695 -0.0000
v -45.9619 45.9619 0.0000
v -45.1546 45.1546 5.7403
v -42.8553 42.8553 10.6066
v -39.4143 39.4143 13.8582
v -35.3553 35.3553 15.0000
v -31.2964 31.2964 13.8582
v -27.8553 27.8553 10.6066
v -25.5561 25.5561 5.7403
v -24.7487 24.7487 0.0000
v -25.5561 25.5561 -5.7403
v -27.8553 27.8553 -10.6066
v -31.2964 31.2964 -13.8582
v -35.3553 35.3553 -15.0000
v -39.4143 39.4143 -13.8582
v -42.8553 42.8553 -10.6066
v -45.1546 45.1546 -5.7403
v -45.9619 45.9619 -0.0000
v -39.5695 51.5680 0.0000
v -38.8744 50.6621 5.7403
v -36.8950 48.0824 10.6066
v -33.9325 44.2217 13.8582
v -30.4381 39.6677 15.0000
v -26.9436 35.1136 13.8582
v -23.9812 31.2529 10.6066
v -22.0017 28.6732 5.7403
v -21.3067 27.7674 0.0000
v -22.0017 28.6732 -5.7403
v -23.9812 31.2529 -10.6066
v -26.9436 35.1136 -13.8582
v -30.4381 39.6677 -15.0000
v -33.9325 44.2217 -13.8582
v -36.8950 48.0824 -10.6066
v -38.8744 50.6621 -5.7403
v -39.5695 51.5680 -0.0000
v -32.5000 56.2917 0.0000
v -31.9291 55.3028 5.7403
v -30.3033 52.4869 10.6066
v -27.8701 48.2725 13.8582
v -25.0000 43.3013 15.0000
v -22.1299 38.3301 13.8582
v -19.6967 34.1157 10.6066
v -18.0709 31.2997 5.7403
v -17.5000 30.3109 0.0000
v -18.0709 31.2997 -5.7403
v -19.6967 34.1157 -10.6066
v -22.1299 38.3301 -13.8582
v -25.0000 43.3013 -15.0000
v -27.8701 48.2725 -13.8582
v -30.3033 52.4869 -10.6066
v -31.9291 55.3028 -5.7403
v -32.5000 56.2917 -0.0000
v -24.8744 60.0522 0.0000
v -24.4375 58.9973 5.7403
v -23.1931 55.9932 10.6066
v -21.3309 51.4973 13.8582
v -19.1342 46.1940 15.0000
v -16.9375 40.8907 13.8582
v -15.0752 36.3948 10.6066
v -13.8309 33.3907 5.7403
v -13.3939 32.3358 0.0000
v -13.8309 33.3907 -5.7403
v -15.0752 36.3948 -10.6066
v -16.9375 40.8907 -13.8582
v -19.1342 46.1940 -15.0000
v -21.3309 51.4973 -13.8582
v -23.1931 55.9932 -10.6066
v -24.4375 58.9973 -5.7403
v -24.8744 60.0522 -0.0000
v -16.8232 62.7852 0.0000
v -16.5277 61.6823 5.7403
v -15.6861 58.5415 10.6066
v -14.4266 53.8409 13.8582
v -12.9410 48.2963 15.0000
v -11.4553 42.7516 13.8582
v -10.1958 38.0511 10.6066
v -9.3542 34.9103 5.7403
v -9.0587 33.8074 0.0000
v -9.3542 34.9103 -5.7403
v -10.1958 38.0511 -10.6066
v -11.4553 42.7516 -13.8582
v -12.9410 48.2963 -15.0000
v -14.4266 53.8409 -13.8582
v -15.6861 58.5415 -10.6066
v -16.5277 61.6823 -5.7403
v -16.8232 62.7852 -0.0000
v -8.4842 64.4439 0.0000
v -8.3352 63.3119 5.7403
v -7.9107 60.0881 10.6066
v -7.2756 55.2634 13.8582
v -6.5263 49.5722 15.0000
v -5.7771 43.8811 13.8582
v -5.1419 39.0564 10.6066
v -4.7175 35.8326 5.7403
v -4.5684 34.7006 0.0000
v -4.7175 35.8326 -5.7403
v -5.1419 39.0564 -10.6066
v -5.7771 43.8811 -13.8582
v -6.5263 49.5722 -15.0000
v -7.2756 55.2634 -13.8582
v -7.9107 60.0881 -10.6066
v -8.3352 63.3119 -5.7403
v -8.4842 64.4439 -0.0000
v -0.0000 65.0000 0.0000
v -0.0000 63.8582 5.7403
v -0.0000 60.6066 10.6066
v -0.0000 55.7403 13.8582
v -0.0000 50.0000 15.0000
v -0.0000 44.2597 13.8582
v -0.0000 39.3934 10.6066
v -0.0000 36.1418 5.7403
v -0.0000 35.0000 0.0000
v -0.0000 36.1418 -5.7403
v -0.0000 39.3934 -10.6066
v -0.0000 44.2597 -13.8582
v -0.0000 50.0000 -15.0000
v -0.0000 55.7403 -13.8582
v -0.0000 60.6066 -10.6066
v -0.0000 63.8582 -5.7403
v -0.0000 65.0000 -0.0000
v 8.4842 64.4439 0.0000
v 8.3352 63.3119 5.7403
v 7.9107 60.0881 10.6066
v 7.2756 55.2634 13.8582
v 6.5263 49.5722 15.0000
v 5.7771 43.8811 13.8582
v 5.1419 39.0564 10.6066
v 4.7175 35.8326 5.7403
v 4.5684 34.7006 0.0000
v 4.7175 35.8326 -5.7403
v 5.1419 39.0564 -10.6066
v 5.7771 43.8811 -13.8582
v 6.5263 49.5722 -15.0000
v 7.2756 55.2634 -13.8582
v 7.9107 60.0881 -10.6066
v 8.3352 63.3119 -5.7403
v 8.4842 64.4439 -0.0000
v 16.8232 62.7852 0.0000
v 16.5277 61.6823 5.7403
v 15.6861 58.5415 10.6066
v 14.4266 53.8409 13.8582
v 12.9410 48.2963 15.0000
v 11.4553 42.7516 13.8582
v 10.1958 38.0511 10.6066
v 9.3542 34.9103 5.7403
v 9.0587 33.8074 0.0000
v 9.3542 34.9103 -5.7403
v 10.1958 38.0511 -10.6066
v 11.4553 42.7516 -13.8582
v 12.9410 48.2963 -15.0000
v 14.4266 53.8409 -13.8582
v 15.6861 58.5415 -10.6066
v 16.5277 61.6823 -5.7403
v 16.8232 62.7852 -0.0000
v 24.8744 60.0522 0.0000
v 24.4375 58.9973 5.7403
v 23.1931 55.9932 10.6066
v 21.3309 51.4973 13.8582
v 19.1342 46.1940 15.0000
v 16.9375 40.8907 13.8582
v 15.0752 36.3948 10.6066
v 13.8309 33.3907 5.7403
v 13.3939 32.3358 0.0000
v 13.8309 33.3907 -5.7403
v 15.0752 36.3948 -10.6066
v 16.9375 40.8907 -13.8582
v 19.1342 46.1940 -15.0000
v 21.3309 51.4973 -13.8582
v 23.1931 55.9932 -10.6066
v 24.4375 58.9973 -5.7403
v 24.8744 60.0522 -0.0000
v 32.5000 56.2917 0.0000
v 31.9291 55.3028 5.7403
v 30.3033 52.4869 10.6066
v 27.8701 48.2725 13.8582
v 25.0000 43.3013 15.0000
v 22.1299 38.3301 13.8582
v 19.6967 34.1157 10.6066
v 18.0709 31.2997 5.7403
v 17.5000 30.3109 0.0000
v 18.0709 31.2997 -5.7403
v 19.6967 34.1157 -10.6066
v 22.1299 38.3301 -13.8582
v 25.0000 43.3013 -15.0000
v 27.8701 48.2725 -13.8582
v 30.3033 52.4869 -10.6066
v 31.9291 55.3028 -5.7403
v 32.5000 56.2917 -0.0000
v 39.5695 51.5680 0.0000
v 38.8744 50.6621 5.7403
v 36.8950 48.0824 10.6066
v 33.9325 44.2217 13.8582
v 30.4381 39.6677 15.0000
v 26.9436 35.1136 13.8582
v 23.9812 31.2529 10.6066
v 22.0017 28.6732 5.7403
v 21.3067 27.7674 0.0000
v 22.0017 28.6732 -5.7403
v 23.9812 31.2529 -10.6066
v 26.9436 35.1136 -13.8582
v 30.4381 39.6677 -15.0000
v 33.9325 44.2217 -13.8582
v 36.8950 48.0824 -10.6066
v 38.8744 50.6621 -5.7403
v 39.5695 51.5680 -0.0000
v 45.9619 45.9619 0.0000
v 45.1546 45.1546 5.7403
v 42.8553 42.8553 10.6066
v 39.4143 39.4143 13.8582
v 35.3553 35.3553 15.0000
v 31.2964 31.2964 13.8582
v 27.8553 27.8553 10.6066
v 25.5561 25.5561 5.7403
v 24.7487 24.7487 0.0000
v 25.5561 25.5561 -5.7403
v 27.8553 27.8553 -10.6066
v 31.2964 31.2964 -13.8582
v 35.3553 35.3553 -15.0000
v 39.4143 39.4143 -13.8582
v 42.8553 42.8553 -10.6066
v 45.1546 45.1546 -5.7403
v 45.9619 45.9619 -0.0000
v 51.5680 39.5695 0.0000
v 50.6621 38.8744 5.7403
v 48.0824 36.8950 10.6066
v 44.2217 33.9325 13.8582
v 39.6677 30.4381 15.0000
v 35.1136 26.9436 13.8582
v 31.2529 23.9812 10.6066
v 28.6732 22.0017 5.7403
v 27.7674 21.3067 0.0000
v 28.6732 22.0017 -5.7403
v 31.2529 23.9812 -10.6066
v 35.1136 26.9436 -13.8582
v 39.6677 30.4381 -15.0000
v 44.2217 33.9325 -13.8582
v 48.0824 36.8950 -10.6066
v 50.6621 38.8744 -5.7403
v 51.5680 39.5695 -0.0000
v 56.2917 32.5000 0.0000
v 55.3028 31.9291 5.7403
v 52.4869 30.3033 10.6066
v 48.2725 27.8701 13.8582
v 43.3013 25.0000 15.0000
v 38.3301 22.1299 13.8582
v 34.1157 19.6967 10.6066
v 31.2997 18.0709 5.7403
v 30.3109 17.5000 0.0000
v 31.2997 18.0709 -5.7403
v 34.1157 19.6967 -10.6066
v 38.3301 22.1299 -13.8582
v 43.3013 25.0000 -15.0000
v 48.2725 27.8701 -13.8582
v 52.4869 30.3033 -10.6066
v 55.3028 31.9291 -5.7403
v 56.2917 32.5000 -0.0000
v 60.0522 24.8744 0.0000
v 58.9973 24.4375 5.7403
v 55.9932 23.1931 10.6066
v 51.4973 21.3309 13.8582
v 46.1940 19.1342 15.0000
v 40.8907 16.9375 13.8582
v 36.3948 15.0752 10.6066
v 33.3907 13.8309 5.7403
v 32.3358 13.3939 0.0000
v 33.3907 13.8309 -5.7403
v 36.3948 15.0752 -10.6066
v 40.8907 16.9375 -13.8582
v 46.1940 19.1342 -15.0000
v 51.4973 21.3309 -13.8582
v 55.9932 23.1931 -10.6066
v 58.9973 24.4375 -5.7403
v 60.0522 24.8744 -0.0000
v 62.7852 16.8232 0.0000
v 61.6823 16.5277 5.7403
v 58.5415 15.6861 10.6066
v 53.8409 14.4266 13.8582
v 48.2963 12.9410 15.0000
v 42.7516 11.4553 13.8582
v 38.0511 10.1958 10.6066
v 34.9103 9.3542 5.7403
v 33.8074 9.0587 0.0000
v 34.9103 9.3542 -5.7403
v 38.0511 10.1958 -10.6066
v 42.7516 11.4553 -13.8582
v 48.2963 12.9410 -15.0000
v 53.8409 14.4266 -13.8582
v 58.5415 15.6861 -10.6066
v 61.6823 16.5277 -5.7403
v 62.7852 16.8232 -0.0000
v 64.4439 8.4842 0.0000
v 63.3119 8.3352 5.7403
v 60.0881 7.9107 10.6066
v 55.2634 7.2756 13.8582
v 49.5722 6.5263 15.0000
v 43.8811 5.7771 13.8582
v 39.0564 5.1419 10.6066
v 35.8326 4.7175 5.7403
v 34.7006 4.5684 0.0000
v 35.8326 4.7175 -5.7403
v 39.0564 5.1419 -10.6066
v 43.8811 5.7771 -13.8582
v 49.5722 6.5263 -15.0000
v 55.2634 7.2756 -13.8582
v 60.0881 7.9107 -10.6066
v 63.3119 8.3352 -5.7403
v 64.4439 8.4842 -0.0000
v 65.0000 0.0000 0.0000
v 63.8582 0.0000 5.7403
v 60.6066 0.0000 10.6066
v 55.7403 0.0000 13.8582
v 50.0000 0.0000 15.0000
v 44.2597 0.0000 13.8582
v 39.3934 0.0000 10.6066
v 36.1418 0.0000 5.7403
v 35.0000 0.0000 0.0000
v 36.1418 0.0000 -5.7403
v 39.3934 0.0000 -10.6066
v 44.2597 0.0000 -13.8582
v 50.0000 0.0000 -15.0000
v 55.7403 0.0000 -13.8582
v 60.6066 0.0000 -10.6066
v 63.8582 0.0000 -5.7403
v 65.0000 0.0000 -0.0000
vt 0.00000 1.00000
vt 0.00000 0.93750
vt 0.00000 0.87500
vt 0.00000 0.81250
vt 0.00000 0.75000
vt 0.00000 0.68750
vt 0.00000 0.62500
vt 0.00000 0.56250
vt 0.00000 0.50000
vt 0.00000 0.43750
vt 0.00000 0.37500
vt 0.00000 0.31250
vt 0.00000 0.25000
vt 0.00000 0.18750
vt 0.00000 0.12500
vt 0.00000 0.06250
vt 0.00000 0.00000
vt 0.02083 1.00000
vt 0.02083 0.93750
vt 0.02083 0.87500
vt 0.02083 0.81250
vt 0.02083 0.75000
vt 0.02083 0.68750
vt 0.02083 0.62500
vt 0.02083 0.56250
vt 0.02083 0.50000
vt 0.02083 0.43750
vt 0.02083 0.37500
vt 0.02083 0.31250
vt 0.02083 0.25000
vt 0.02083 0.18750
vt 0.02083 0.12500
vt 0.02083 0.06250
vt 0.02083 0.00000
vt 0.04167 1.00000
vt 0.04167 0.93750
vt 0.04167 0.87500
vt 0.04167 0.81250
vt 0.04167 0.75000
vt 0.04167 0.68750
vt 0.04167 0.62500
vt 0.04167 0.56250
vt 0.04167 0.50000
vt 0.04167 0.43750
vt 0.04167 0.37500
vt 0.04167 0.31250
vt 0.04167 0.25000
vt 0.04167 0.18750
vt 0.04167 0.12500
vt 0.04167 0.06250
vt 0.04167 0.00000
vt 0.06250 1.00000
vt 0.06250 0.93750
vt 0.06250 0.87500
vt 0.06250 0.81250
vt 0.06250 0.75000
vt 0.06250 0.68750
vt 0.06250 0.62500
vt 0.06250 0.56250
vt 0.06250 0.50000
vt 0.06250 0.43750
vt 0.06250 0.37500
vt 0.06250 0.31250
vt 0.06250 0.25000
vt 0.06250 0.18750
vt 0.06250 0.12500
vt 0.06250 0.06250
vt 0.06250 0.00000
vt 0.08333 1.00000
vt 0.08333 0.93750
vt 0.08333 0.87500
vt 0.08333 0.81250
vt 0.08333 0.75000
vt 0.08333 0.68750
vt 0.08333 0.62500
vt 0.08333 0.56250
vt 0.08333 0.50000
vt 0.08333 0.43750
vt 0.08333 0.37500
vt 0.08333 0.31250
vt 0.08333 0.25000
vt 0.08333 0.18750
vt 0.08333 0.12500
vt 0.08333 0.06250
vt 0.08333 0.00000
vt 0.10417 1.00000
vt 0.10417 0.93750
vt 0.10417 0.87500
vt 0.10417 0.81250
vt 0.10417 0.75000
vt 0.10417 0.68750
vt 0.10417 0.62500
vt 0.10417 0.56250
vt 0.10417 0.50000
vt 0.10417 0.43750
vt 0.10417 0.37500
vt 0.10417 0.31250
vt 0.10417 0.25000
vt 0.10417 0.18750
vt 0.10417 0.12500
vt 0.10417 0.06250
vt 0.10417 0.00000
vt 0.12500 1.00000
vt 0.12500 0.93750
vt 0.12500 0.87500
vt 0.12500 0.81250
vt 0.12500 0.75000
vt 0.12500 0.68750
vt 0.12500 0.62500
vt 0.12500 0.56250
vt 0.12500 0.50000
vt 0.12500 0.43750
vt 0.12500 0.37500
vt 0.12500 0.31250
vt 0.12500 0.25000
vt 0.12500 0.18750
vt 0.12500 0.12500
vt 0.12500 0.06250
vt 0.12500 0.00000
vt 0.14583 1.00000
vt 0.14583 0.93750
vt 0.14583 0.87500
vt 0.14583 0.81250
vt 0.14583 0.75000
vt 0.14583 0.68750
vt 0.14583 0.62500
vt 0.14583 0.56250
vt 0.14583 0.50000
vt 0.14583 0.43750
vt 0.14583 0.37500
vt 0.14583 0.31250
vt 0.14583 0.25000
vt 0.14583 0.18750
vt 0.14583 0.12500
vt 0.14583 0.06250
vt 0.14583 0.00000
vt 0.16667 1.00000
vt 0.16667 0.93750
vt 0.16667 0.87500
vt 0.16667 0.81250
vt 0.16667 0.75000
vt 0.16667 0.68750
vt 0.16667 0.62500
vt 0.16667 0.56250
vt 0.16667 0.50000
vt 0.16667 0.43750
vt 0.16667 0.37500
vt 0.16667 0.31250
vt 0.16667 0.25000
vt 0.16667 0.18750
vt 0.16667 0.12500
vt 0.16667 0.06250
vt 0.16667 0.00000
vt 0.18750 1.00000
vt 0.18750 0.93750
vt 0.18750 0.87500
vt 0.18750 0.81250
vt 0.18750 0.75000
vt 0.18750 0.68750
vt 0.18750 0.62500
vt 0.18750 0.56250
vt 0.18750 0.50000
vt 0.18750 0.43750
vt 0.18750 0.37500
vt 0.18750 0.31250
vt 0.18750 0.25000
vt 0.18750 0.18750
vt 0.18750 0.12500
vt 0.18750 0.06250
vt 0.18750 0.00000
vt 0.20833 1.00000
vt 0.20833 0.93750
vt 0.20833 0.87500
vt 0.20833 0.81250
vt 0.20833 0.75000
vt 0.20833 0.68750
vt 0.20833 0.62500
vt 0.20833 0.56250
vt 0.20833 0.50000
vt 0.20833 0.43750
vt 0.20833 0.37500
vt 0.20833 0.31250
vt 0.20833 0.25000
vt 0.20833 0.18750
vt 0.20833 0.12500
vt 0.20833 0.06250
vt 0.20833 0.00000
vt 0.22917 1.00000
vt 0.22917 0.93750
vt 0.22917 0.87500
vt 0.22917 0.81250
vt 0.22917 0.75000
vt 0.22917 0.68750
vt 0.22917 0.62500
vt 0.22917 0.56250
vt 0.22917 0.50000
vt 0.22917 0.43750
vt 0.22917 0.37500
vt 0.22917 0.31250
vt 0.22917 0.25000
vt 0.22917 0.18750
vt 0.22917 0.12500
vt 0.22917 0.06250
vt 0.22917 0.00000
vt 0.25000 1.00000
vt 0.25000 0.93750
vt 0.25000 0.87500
vt 0.25000 0.81250
vt 0.25000 0.75000
vt 0.25000 0.68750
vt 0.25000 0.62500
vt 0.25000 0.56250
vt 0.25000 0.50000
vt 0.25000 0.43750
vt 0.25000 0.37500
vt 0.25000 0.31250
vt 0.25000 0.25000
vt 0.25000 0.18750
vt 0.25000 0.12500
vt 0.25000 0.06250
vt 0.25000 0.00000
vt 0.27083 1.00000
vt 0.27083 0.93750
vt 0.27083 0.87500
vt 0.27083 0.81250
vt 0.27083 0.75000
vt 0.27083 0.68750
vt 0.27083 0.62500
vt 0.27083 0.56250
vt 0.27083 0.50000
vt 0.27083 0.43750
vt 0.27083 0.37500
vt 0.27083 0.31250
vt 0.27083 0.25000
vt 0.27083 0.18750
vt 0.27083 0.12500
vt 0.27083 0.06250
vt 0.27083 0.00000
vt 0.29167 1.00000
vt 0.29167 0.93750
vt 0.29167 0.87500
vt 0.29167 0.81250
vt 0.29167 0.75000
vt 0.29167 0.68750
vt 0.29167 0.62500
vt 0.29167 0.56250
vt 0.29167 0.50000
vt 0.29167 0.43750
vt 0.29167 0.37500
vt 0.29167 0.31250
vt 0.29167 0.25000
vt 0.29167 0.18750
vt 0.29167 0.12500
vt 0.29167 0.06250
vt 0.29167 0.00000
vt 0.31250 1.00000
vt 0.31250 0.93750
vt 0.31250 0.87500
vt 0.31250 0.81250
vt 0.31250 0.75000
vt 0.31250 0.68750
vt 0.31250 0.62500
vt 0.31250 0.56250
vt 0.31250 0.50000
vt 0.31250 0.43750
vt 0.31250 0.37500
vt 0.31250 0.31250
vt 0.31250 0.25000
vt 0.31250 0.18750
vt 0.31250 0.12500
vt 0.31250 0.06250
vt 0.31250 0.00000
vt 0.33333 1.00000
vt 0.33333 0.93750
vt 0.33333 0.87500
vt 0.33333 0.81250
vt 0.33333 0.75000
vt 0.33333 0.68750
vt 0.33333 0.62500
vt 0.33333 0.56250
vt 0.33333 0.50000
vt 0.33333 0.43750
vt 0.33333 0.37500
vt 0.33333 0.31250
vt 0.33333 0.25000
vt 0.33333 0.18750
vt 0.33333 0.12500
vt 0.33333 0.06250
vt 0.33333 0.00000
vt 0.35417 1.00000
vt 0.35417 0.93750
vt 0.35417 0.87500
vt 0.35417 0.81250
vt 0.35417 0.75000
vt 0.35417 0.68750
vt 0.35417 0.62500
vt 0.35417 0.56250
vt 0.35417 0.50000
vt 0.35417 0.43750
vt 0.35417 0.37500
vt 0.35417 0.31250
vt 0.35417 0.25000
vt 0.35417 0.18750
vt 0.35417 0.12500
vt 0.35417 0.06250
vt 0.35417 0.00000
vt 0.37500 1.00000
vt 0.37500 0.93750
vt 0.37500 0.87500
vt 0.37500 0.81250
vt 0.37500 0.75000
vt 0.37500 0.68750
vt 0.37500 0.62500
vt 0.37500 0.56250
vt 0.37500 0.50000
vt 0.37500 0.43750
vt 0.37500 0.37500
vt 0.37500 0.31250
vt 0.37500 0.25000
vt 0.37500 0.18750
vt 0.37500 0.12500
vt 0.37500 0.06250
vt 0.37500 0.00000
vt 0.39583 1.00000
vt 0.39583 0.93750
vt 0.39583 0.87500
vt 0.39583 0.81250
vt 0.39583 0.75000
vt 0.39583 0.68750
vt 0.39583 0.62500
vt 0.39583 0.56250
vt 0.39583 0.50000
vt 0.39583 0.43750
vt 0.39583 0.37500
vt 0.39583 0.31250
vt 0.39583 0.25000
vt 0.39583 0.18750
vt 0.39583 0.12500
vt 0.39583 0.06250
vt 0.39583 0.00000
vt 0.41667 1.00000
vt 0.41667 0.93750
vt 0.41667 0.87500
vt 0.41667 0.81250
vt 0.41667 0.75000
vt 0.41667 0.68750
vt 0.41667 0.62500
vt 0.41667 0.56250
vt 0.41667 0.50000
vt 0.41667 0.43750
vt 0.41667 0.37500
vt 0.41667 0.31250
vt 0.41667 0.25000
vt 0.41667 0.18750
vt 0.41667 0.12500
vt 0.41667 0.06250
vt 0.41667 0.00000
vt 0.43750 1.00000
vt 0.43750 0.93750
vt 0.43750 0.87500
vt 0.43750 0.81250
vt 0.43750 0.75000
vt 0.43750 0.68750
vt 0.43750 0.62500
vt 0.43750 0.56250
vt 0.43750 0.50000
vt 0.43750 0.43750
vt 0.43750 0.37500
vt 0.43750 0.31250
vt 0.43750 0.25000
vt 0.43750 0.18750
vt 0.43750 0.12500
vt 0.43750 0.06250
vt 0.43750 0.00000
vt 0.45833 1.00000
vt 0.45833 0.93750
vt 0.45833 0.87500
vt 0.45833 0.81250
vt 0.45833 0.75000
vt 0.45833 0.68750
vt 0.45833 0.62500
vt 0.45833 0.56250
vt 0.45833 0.50000
vt 0.45833 0.43750
vt 0.45833 0.37500
vt 0.45833 0.31250
vt 0.45833 0.25000
vt 0.45833 0.18750
vt 0.45833 0.12500
vt 0.45833 0.06250
vt 0.45833 0.00000
vt 0.47917 1.00000
vt 0.47917 0.93750
vt 0.47917 0.87500
vt 0.47917 0.81250
vt 0.47917 0.75000
vt 0.47917 0.68750
vt 0.47917 0.62500
vt 0.47917 0.56250
vt 0.47917 0.50000
vt 0.47917 0.43750
vt 0.47917 0.37500
vt 0.47917 0.31250
vt 0.47917 0.25000
vt 0.47917 0.18750
vt 0.47917 0.12500
vt 0.47917 0.06250
vt 0.47917 0.00000
vt 0.50000 1.00000
vt 0.50000 0.93750
vt 0.50000 0.87500
vt 0.50000 0.81250
vt 0.50000 0.75000
vt 0.50000 0.68750
vt 0.50000 0.62500
vt 0.50000 0.56250
vt 0.50000 0.50000
vt 0.50000 0.43750
vt 0.50000 0.37500
vt 0.50000 0.31250
vt 0.50000 0.25000
vt 0.50000 0.18750
vt 0.50000 0.12500
vt 0.50000 0.06250
vt 0.50000 0.00000
vt 0.52083 1.00000
vt 0.52083 0.93750
vt 0.52083 0.87500
vt 0.52083 0.81250
vt 0.52083 0.75000
vt 0.52083 0.68750
vt 0.52083 0.62500
vt 0.52083 0.56250
vt 0.52083 0.50000
vt 0.52083 0.43750
vt 0.52083 0.37500
vt 0.52083 0.31250
vt 0.52083 0.25000
vt 0.52083 0.18750
vt 0.52083 0.12500
vt 0.52083 0.06250
vt 0.52083 0.00000
vt 0.54167 1.00000
vt 0.54167 0.93750
vt 0.54167 0.87500
vt 0.54167 0.81250
vt 0.54167 0.75000
vt 0.54167 0.68750
vt 0.54167 0.62500
vt 0.54167 0.56250
vt 0.54167 0.50000
vt 0.54167 0.43750
vt 0.54167 0.37500
vt 0.54167 0.31250
vt 0.54167 0.25000
vt 0.54167 0.18750
vt 0.54167 0.12500
vt 0.54167 0.06250
vt 0.54167 0.00000
vt 0.56250 1.00000
vt 0.56250 0.93750
vt 0.56250 0.87500
vt 0.56250 0.81250
vt 0.56250 0.75000
vt 0.56250 0.68750
vt 0.56250 0.62500
vt 0.56250 0.56250
vt 0.56250 0.50000
vt 0.56250 0.43750
vt 0.56250 0.37500
vt 0.56250 0.31250
vt 0.56250 0.25000
vt 0.56250 0.18750
vt 0.56250 0.12500
vt 0.56250 0.06250
vt 0.56250 0.00000
vt 0.58333 1.00000
vt 0.58333 0.93750
vt 0.58333 0.87500
vt 0.58333 0.81250
vt 0.58333 0.75000
vt 0.58333 0.68750
vt 0.58333 0.62500
vt 0.58333 0.56250
vt 0.58333 0.50000
vt 0.58333 0.43750
vt 0.58333 0.37500
vt 0.58333 0.31250
vt 0.58333 0.25000
vt 0.58333 0.18750
vt 0.58333 0.12500
vt 0.58333 0.06250
vt 0.58333 0.00000
vt 0.60417 1.00000
vt 0.60417 0.93750
vt 0.60417 0.87500
vt 0.60417 0.81250
vt 0.60417 0.75000
vt 0.60417 0.68750
vt 0.60417 0.62500
vt 0.60417 0.56250
vt 0.60417 0.50000
vt 0.60417 0.43750
vt 0.60417 0.37500
vt 0.60417 0.31250
vt 0.60417 0.25000
vt 0.60417 0.18750
vt 0.60417 0.12500
vt 0.60417 0.06250
vt 0.60417 0.00000
vt 0.62500 1.00000
vt 0.62500 0.93750
vt 0.62500 0.87500
vt 0.62500 0.81250
vt 0.62500 0.75000
vt 0.62500 0.68750
vt 0.62500 0.62500
vt 0.62500 0.56250
vt 0.62500 0.50000
vt 0.62500 0.43750
vt 0.62500 0.37500
vt 0.62500 0.31250
vt 0.62500 0.25000
vt 0.62500 0.18750
vt 0.62500 0.12500
vt 0.62500 0.06250
vt 0.62500 0.00000
vt 0.64583 1.00000
vt 0.64583 0.93750
vt 0.64583 0.87500
vt 0.64583 0.81250
vt 0.64583 0.75000
vt 0.64583 0.68750
vt 0.64583 0.62500
vt 0.64583 0.56250
vt 0.64583 0.50000
vt 0.64583 0.43750
vt 0.64583 0.37500
vt 0.64583 0.31250
vt 0.64583 0.25000
vt 0.64583 0.18750
vt 0.64583 0.12500
vt 0.64583 0.06250
vt 0.64583 0.00000
vt 0.66667 1.00000
vt 0.66667 0.93750
vt 0.66667 0.87500
vt 0.66667 0.81250
vt 0.66667 0.75000
vt 0.66667 0.68750
vt 0.66667 0.62500
vt 0.66667 0.56250
vt 0.66667 0.50000
vt 0.66667 0.43750
vt 0.66667 0.37500
vt 0.66667 0.31250
vt 0.66667 0.25000
vt 0.66667 0.18750
vt 0.66667 0.12500
vt 0.66667 0.06250
vt 0.66667 0.00000
vt 0.68750 1.00000
vt 0.68750 0.93750
vt 0.68750 0.87500
vt 0.68750 0.81250
vt 0.68750 0.75000
vt 0.68750 0.68750
vt 0.68750 0.62500
vt 0.68750 0.56250
vt 0.68750 0.50000
vt 0.68750 0.43750
vt 0.68750 0.37500
vt 0.68750 0.31250
vt 0.68750 0.25000
vt 0.68750 0.18750
vt 0.68750 0.12500
vt 0.68750 0.06250
vt 0.68750 0.00000
vt 0.70833 1.00000
vt 0.70833 0.93750
vt 0.70833 0.87500
vt 0.70833 0.81250
vt 0.70833 0.75000
vt 0.70833 0.68750
vt 0.70833 0.62500
vt 0.70833 0.56250
vt 0.70833 0.50000
vt 0.70833 0.43750
vt 0.70833 0.37500
vt 0.70833 0.31250
vt 0.70833 0.25000
vt 0.70833 0.18750
vt 0.70833 0.12500
vt 0.70833 0.06250
vt 0.70833 0.00000
vt 0.72917 1.00000
vt 0.72917 0.93750
vt 0.72917 0.87500
vt 0.72917 0.81250
vt 0.72917 0.75000
vt 0.72917 0.68750
vt 0.72917 0.62500
vt 0.72917 0.56250
vt 0.72917 0.50000
vt 0.72917 0.43750
vt 0.72917 0.37500
vt 0.72917 0.31250
vt 0.72917 0.25000
vt 0.72917 0.18750
vt 0.72917 0.12500
vt 0.72917 0.06250
vt 0.72917 0.00000
vt 0.75000 1.00000
vt 0.75000 0.93750
vt 0.75000 0.87500
vt 0.75000 0.81250
vt 0.75000 0.75000
vt 0.75000 0.68750
vt 0.75000 0.62500
vt 0.75000 0.56250
vt 0.75000 0.50000
vt 0.75000 0.43750
vt 0.75000 0.37500
vt 0.75000 0.31250
vt 0.75000 0.25000
vt 0.75000 0.18750
vt 0.75000 0.12500
vt 0.75000 0.06250
vt 0.75000 0.00000
vt 0.77083 1.00000
vt 0.77083 0.93750
vt 0.77083 0.87500
vt 0.77083 0.81250
vt 0.77083 0.75000
vt 0.77083 0.68750
vt 0.77083 0.62500
vt 0.77083 0.56250
vt 0.77083 0.50000
vt 0.77083 0.43750
vt 0.77083 0.37500
vt 0.77083 0.31250
vt 0.77083 0.25000
vt 0.77083 0.18750
vt 0.77083 0.12500
vt 0.77083 0.06250
vt 0.77083 0.00000
vt 0.79167 1.00000
vt 0.79167 0.93750
vt 0.79167 0.87500
vt 0.79167 0.81250
vt 0.79167 0.75000
vt 0.79167 0.68750
vt 0.79167 0.62500
vt 0.79167 0.56250
vt 0.79167 0.50000
vt 0.79167 0.43750
vt 0.79167 0.37500
vt 0.79167 0.31250
vt 0.79167 0.25000
vt 0.79167 0.18750
vt 0.79167 0.12500
vt 0.79167 0.06250
vt 0.79167 0.00000
vt 0.81250 1.00000
vt 0.81250 0.93750
vt 0.81250 0.87500
vt 0.81250 0.81250
vt 0.81250 0.75000
vt 0.81250 0.68750
vt 0.81250 0.62500
vt 0.81250 0.56250
vt 0.81250 0.50000
vt 0.81250 0.43750
vt 0.81250 0.37500
vt 0.81250 0.31250
vt 0.81250 0.25000
vt 0.81250 0.18750
vt 0.81250 0.12500
vt 0.81250 0.06250
vt 0.81250 0.00000
vt 0.83333 1.00000
vt 0.83333 0.93750
vt 0.83333 0.87500
vt 0.83333 0.81250
vt 0.83333 0.75000
vt 0.83333 0.68750
vt 0.83333 0.62500
vt 0.83333 0.56250
vt 0.83333 0.50000
vt 0.83333 0.43750
vt 0.83333 0.37500
vt 0.83333 0.31250
vt 0.83333 0.25000
vt 0.83333 0.18750
vt 0.83333 0.12500
vt 0.83333 0.06250
vt 0.83333 0.00000
vt 0.85417 1.00000
vt 0.85417 0.93750
vt 0.85417 0.87500
vt 0.85417 0.81250
vt 0.85417 0.75000
vt 0.85417 0.68750
vt 0.85417 0.62500
vt 0.85417 0.56250
vt 0.85417 0.50000
vt 0.85417 0.43750
vt 0.85417 0.37500
vt 0.85417 0.31250
vt 0.85417 0.25000
vt 0.85417 0.18750
vt 0.85417 0.12500
vt 0.85417 0.06250
vt 0.85417 0.00000
vt 0.87500 1.00000
vt 0.87500 0.93750
vt 0.87500 0.87500
vt 0.87500 0.81250
vt 0.87500 0.75000
vt 0.87500 0.68750
vt 0.87500 0.62500
vt 0.87500 0.56250
vt 0.87500 0.50000
vt 0.87500 0.43750
vt 0.87500 0.37500
vt 0.87500 0.31250
vt 0.87500 0.25000
vt 0.87500 0.18750
vt 0.87500 0.12500
vt 0.87500 0.06250
vt 0.87500 0.00000
vt 0.89583 1.00000
vt 0.89583 0.93750
vt 0.89583 0.87500
vt 0.89583 0.81250
vt 0.89583 0.75000
vt 0.89583 0.68750
vt 0.89583 0.62500
vt 0.89583 0.56250
vt 0.89583 0.50000
vt 0.89583 0.43750
vt 0.89583 0.37500
vt 0.89583 0.31250
vt 0.89583 0.25000
vt 0.89583 0.18750
vt 0.89583 0.12500
vt 0.89583 0.06250
vt 0.89583 0.00000
vt 0.91667 1.00000
vt 0.91667 0.93750
vt 0.91667 0.87500
vt 0.91667 0.81250
vt 0.91667 0.75000
vt 0.91667 0.68750
vt 0.91667 0.62500
vt 0.91667 0.56250
vt 0.91667 0.50000
vt 0.91667 0.43750
vt 0.91667 0.37500
vt 0.91667 0.31250
vt 0.91667 0.25000
vt 0.91667 0.18750
vt 0.91667 0.12500
vt 0.91667 0.06250
vt 0.91667 0.00000
vt 0.93750 1.00000
vt 0.93750 0.93750
vt 0.93750 0.87500
vt 0.93750 0.81250
vt 0.93750 0.75000
vt 0.93750 0.68750
vt 0.93750 0.62500
vt 0.93750 0.56250
vt 0.93750 0.50000
vt 0.93750 0.43750
vt 0.93750 0.37500
vt 0.93750 0.31250
vt 0.93750 0.25000
vt 0.93750 0.18750
vt 0.93750 0.12500
vt 0.93750 0.06250
vt 0.93750 0.00000
vt 0.95833 1.00000
vt 0.95833 0.93750
vt 0.95833 0.87500
vt 0.95833 0.81250
vt 0.95833 0.75000
vt 0.95833 0.68750
vt 0.95833 0.62500
vt 0.95833 0.56250
vt 0.95833 0.50000
vt 0.95833 0.43750
vt 0.95833 0.37500
vt 0.95833 0.31250
vt 0.95833 0.25000
vt 0.95833 0.18750
vt 0.95833 0.12500
vt 0.95833 0.06250
vt 0.95833 0.00000
vt 0.97917 1.00000
vt 0.97917 0.93750
vt 0.97917 0.87500
vt 0.97917 0.81250
vt 0.97917 0.75000
vt 0.97917 0.68750
vt 0.97917 0.62500
vt 0.97917 0.56250
vt 0.97917 0.50000
vt 0.97917 0.43750
vt 0.97917 0.37500
vt 0.97917 0.31250
vt 0.97917 0.25000
vt 0.97917 0.18750
vt 0.97917 0.12500
vt 0.97917 0.06250
vt 0.97917 0.00000
vt 1.00000 1.00000
vt 1.00000 0.93750
vt 1.00000 0.87500
vt 1.00000 0.81250
vt 1.00000 0.75000
vt 1.00000 0.68750
vt 1.00000 0.62500
vt 1.00000 0.56250
vt 1.00000 0.50000
vt 1.00000 0.43750
vt 1.00000 0.37500
vt 1.00000 0.31250
vt 1.00000 0.25000
vt 1.00000 0.18750
vt 1.00000 0.12500
vt 1.00000 0.06250
vt 1.00000 0.00000
vn 1.00000 -0.00000 0.00000
vn 0.92388 -0.00000 0.38268
vn 0.70711 -0.00000 0.70711
vn 0.38268 -0.00000 0.92388
vn 0.00000 -0.00000 1.00000
vn -0.38268 0.00000 0.92388
vn -0.70711 0.00000 0.70711
vn -0.92388 0.00000 0.38268
vn -1.00000 0.00000 0.00000
vn -0.92388 0.00000 -0.38268
vn -0.70711 0.00000 -0.70711
vn -0.38268 0.00000 -0.92388
vn -0.00000 0.00000 -1.00000
vn 0.38268 -0.00000 -0.92388
vn 0.70711 -0.00000 -0.70711
vn 0.92388 -0.00000 -0.38268
vn 1.00000 -0.00000 -0.00000
vn 0.99144 -0.13053 0.00000
vn 0.91598 -0.12059 0.38268
vn 0.70106 -0.09230 0.70711
vn 0.37941 -0.04995 0.92388
vn 0.00000 -0.00000 1.00000
vn -0.37941 0.04995 0.92388
vn -0.70106 0.09230 0.70711
vn -0.91598 0.12059 0.38268
vn -0.99144 0.13053 0.00000
vn -0.91598 0.12059 -0.38268
vn -0.70106 0.09230 -0.70711
vn -0.37941 0.04995 -0.92388
vn -0.00000 0.00000 -1.00000
vn 0.37941 -0.04995 -0.92388
vn 0.70106 -0.09230 -0.70711
vn 0.91598 -0.12059 -0.38268
vn 0.99144 -0.13053 -0.00000
vn 0.96593 -0.25882 0.00000
vn 0.89240 -0.23912 0.38268
vn 0.68301 -0.18301 0.70711
vn 0.36964 -0.09905 0.92388
vn 0.00000 -0.00000 1.00000
vn -0.36964 0.09905 0.92388
vn -0.68301 0.18301 0.70711
vn -0.89240 0.23912 0.38268
vn -0.96593 0.25882 0.00000
vn -0.89240 0.23912 -0.38268
vn -0.68301 0.18301 -0.70711
vn -0.36964 0.09905 -0.92388
vn -0.00000 0.00000 -1.00000
vn 0.36964 -0.09905 -0.92388
vn 0.68301 -0.18301 -0.70711
vn 0.89240 -0.23912 -0.38268
vn 0.96593 -0.25882 -0.00000
vn 0.92388 -0.38268 0.00000
vn 0.85355 -0.35355 0.38268
vn 0.65328 -0.27060 0.70711
vn 0.35355 -0.14645 0.92388
vn 0.00000 -0.00000 1.00000
vn -0.35355 0.14645 0.92388
vn -0.65328 0.27060 0.70711
vn -0.85355 0.35355 0.38268
vn -0.92388 0.38268 0.00000
vn -0.85355 0.35355 -0.38268
vn -0.65328 0.27060 -0.70711
vn -0.35355 0.14645 -0.92388
vn -0.00000 0.00000 -1.00000
vn 0.35355 -0.14645 -0.92388
vn 0.65328 -0.27060 -0.70711
vn 0.85355 -0.35355 -0.38268
vn 0.92388 -0.38268 -0.00000
vn 0.86603 -0.50000 0.00000
vn 0.80010 -0.46194 0.38268
vn 0.61237 -0.35355 0.70711
vn 0.33141 -0.19134 0.92388
vn 0.00000 -0.00000 1.00000
vn -0.33141 0.19134 0.92388
vn -0.61237 0.35355 0.70711
vn -0.80010 0.46194 0.38268
vn -0.86603 0.50000 0.00000
vn -0.80010 0.46194 -0.38268
vn -0.61237 0.35355 -0.70711
vn -0.33141 0.19134 -0.92388
vn -0.00000 0.00000 -1.00000
vn 0.33141 -0.19134 -0.92388
vn 0.61237 -0.35355 -0.70711
vn 0.80010 -0.46194 -0.38268
vn 0.86603 -0.50000 -0.00000
vn 0.79335 -0.60876 0.00000
vn 0.73296 -0.56242 0.38268
vn 0.56099 -0.43046 0.70711
vn 0.30360 -0.23296 0.92388
vn 0.00000 -0.00000 1.00000
vn -0.30360 0.23296 0.92388
vn -0.56099 0.43046 0.70711
vn -0.73296 0.56242 0.38268
vn -0.79335 0.60876 0.00000
vn -0.73296 0.56242 -0.38268
vn -0.56099 0.43046 -0.70711
vn -0.30360 0.23296 -0.92388
vn -0.00000 0.00000 -1.00000
vn 0.30360 -0.23296 -0.92388
vn 0.56099 -0.43046 -0.70711
vn 0.73296 -0.56242 -0.38268
vn 0.79335 -0.60876 -0.00000
vn 0.70711 -0.70711 0.00000
vn 0.65328 -0.65328 0.38268
vn 0.50000 -0.50000 0.70711
vn 0.27060 -0.27060 0.92388
vn 0.00000 -0.00000 1.00000
vn -0.27060 0.27060 0.92388
vn -0.50000 0.50000 0.70711
vn -0.65328 0.65328 0.38268
vn -0.70711 0.70711 0.00000
vn -0.65328 0.65328 -0.38268
vn -0.50000 0.50000 -0.70711
vn -0.27060 0.27060 -0.92388
vn -0.00000 0.00000 -1.00000
vn 0.27060 -0.27060 -0.92388
vn 0.50000 -0.50000 -0.70711
vn 0.65328 -0.65328 -0.38268
vn 0.70711 -0.70711 -0.00000
vn 0.60876 -0.79335 0.00000
vn 0.56242 -0.73296 0.38268
vn 0.43046 -0.56099 0.70711
vn 0.23296 -0.30360 0.92388
vn 0.00000 -0.00000 1.00000
vn -0.23296 0.30360 0.92388
vn -0.43046 0.56099 0.70711
vn -0.56242 0.73296 0.38268
vn -0.60876 0.79335 0.00000
vn -0.56242 0.73296 -0.38268
vn -0.43046 0.56099 -0.70711
vn -0.23296 0.30360 -0.92388
vn -0.00000 0.00000 -1.00000
vn 0.23296 -0.30360 -0.92388
vn 0.43046 -0.56099 -0.70711
vn 0.56242 -0.73296 -0.38268
vn 0.60876 -0.79335 -0.00000
vn 0.50000 -0.86603 0.00000
vn 0.46194 -0.80010 0.38268
vn 0.35355 -0.61237 0.70711
vn 0.19134 -0.33141 0.92388
vn 0.00000 -0.00000 1.00000
vn -0.19134 0.33141 0.92388
vn -0.35355 0.61237 0.70711
vn -0.46194 0.80010 0.38268
vn -0.50000 0.86603 0.00000
vn -0.46194 0.80010 -0.38268
vn -0.35355 0.61237 -0.70711
vn -0.19134 0.33141 -0.92388
vn -0.00000 0.00000 -1.00000
vn 0.19134 -0.33141 -0.92388
vn 0.35355 -0.61237 -0.70711
vn 0.46194 -0.80010 -0.38268
vn 0.50000 -0.86603 -0.00000
vn 0.38268 -0.92388 0.00000
vn 0.35355 -0.85355 0.38268
vn 0.27060 -0.65328 0.70711
vn 0.14645 -0.35355 0.92388
vn 0.00000 -0.00000 1.00000
vn -0.14645 0.35355 0.92388
vn -0.27060 0.65328 0.70711
vn -0.35355 0.85355 0.38268
vn -0.38268 0.92388 0.00000
vn -0.35355 0.85355 -0.38268
vn -0.27060 0.65328 -0.70711
vn -0.14645 0.35355 -0.92388
vn -0.00000 0.00000 -1.00000
vn 0.14645 -0.35355 -0.92388
vn 0.27060 -0.65328 -0.70711
vn 0.35355 -0.85355 -0.38268
vn 0.38268 -0.92388 -0.00000
vn 0.25882 -0.96593 0.00000
vn 0.23912 -0.89240 0.38268
vn 0.18301 -0.68301 0.70711
vn 0.09905 -0.36964 0.92388
vn 0.00000 -0.00000 1.00000
vn -0.09905 0.36964 0.92388
vn -0.18301 0.68301 0.70711
vn -0.23912 0.89240 0.38268
vn -0.25882 0.96593 0.00000
vn -0.23912 0.89240 -0.38268
vn -0.18301 0.68301 -0.70711
vn -0.09905 0.36964 -0.92388
vn -0.00000 0.00000 -1.00000
vn 0.09905 -0.36964 -0.92388
vn 0.18301 -0.68301 -0.70711
vn 0.23912 -0.89240 -0.38268
vn 0.25882 -0.96593 -0.00000
vn 0.13053 -0.99144 0.00000
vn 0.12059 -0.91598 0.38268
vn 0.09230 -0.70106 0.70711
vn 0.04995 -0.37941 0.92388
vn 0.00000 -0.00000 1.00000
vn -0.04995 0.37941 0.92388
vn -0.09230 0.70106 0.70711
vn -0.12059 0.91598 0.38268
vn -0.13053 0.99144 0.00000
vn -0.12059 0.91598 -0.38268
vn -0.09230 0.70106 -0.70711
vn -0.04995 0.37941 -0.92388
vn -0.00000 0.00000 -1.00000
vn 0.04995 -0.37941 -0.92388
vn 0.09230 -0.70106 -0.70711
vn 0.12059 -0.91598 -0.38268
vn 0.13053 -0.99144 -0.00000
vn 0.00000 -1.00000 0.00000
vn 0.00000 -0.92388 0.38268
vn 0.00000 -0.70711 0.70711
vn 0.00000 -0.38268 0.92388
vn 0.00000 -0.00000 1.00000
vn -0.00000 0.38268 0.92388
vn -0.00000 0.70711 0.70711
vn -0.00000 0.92388 0.38268
vn -0.00000 1.00000 0.00000
vn -0.00000 0.92388 -0.38268
vn -0.00000 0.70711 -0.70711
vn -0.00000 0.38268 -0.92388
vn -0.00000 0.00000 -1.00000
vn 0.00000 -0.38268 -0.92388
vn 0.00000 -0.70711 -0.70711
vn 0.00000 -0.92388 -0.38268
vn 0.00000 -1.00000 -0.00000
vn -0.13053 -0.99144 0.00000
vn -0.12059 -0.91598 0.38268
vn -0.09230 -0.70106 0.70711
vn -0.04995 -0.37941 0.92388
vn -0.00000 -0.00000 1.00000
vn 0.04995 0.37941 0.92388
vn 0.09230 0.70106 0.70711
vn 0.12059 0.91598 0.38268
vn 0.13053 0.99144 0.00000
vn 0.12059 0.91598 -0.38268
vn 0.09230 0.70106 -0.70711
vn 0.04995 0.37941 -0.92388
vn 0.00000 0.00000 -1.00000
vn -0.04995 -0.37941 -0.92388
vn -0.09230 -0.70106 -0.70711
vn -0.12059 -0.91598 -0.38268
vn -0.13053 -0.99144 -0.00000
vn -0.25882 -0.96593 0.00000
vn -0.23912 -0.89240 0.38268
vn -0.18301 -0.68301 0.70711
vn -0.09905 -0.36964 0.92388
vn -0.00000 -0.00000 1.00000
vn 0.09905 0.36964 0.92388
vn 0.18301 0.68301 0.70711
vn 0.23912 0.89240 0.38268
vn 0.25882 0.96593 0.00000
vn 0.23912 0.89240 -0.38268
vn 0.18301 0.68301 -0.70711
vn 0.09905 0.36964 -0.92388
vn 0.00000 0.00000 -1.00000
vn -0.09905 -0.36964 -0.92388
vn -0.18301 -0.68301 -0.70711
vn -0.23912 -0.89240 -0.38268
vn -0.25882 -0.96593 -0.00000
vn -0.38268 -0.92388 0.00000
vn -0.35355 -0.85355 0.38268
vn -0.27060 -0.65328 0.70711
vn -0.14645 -0.35355 0.92388
vn -0.00000 -0.00000 1.00000
vn 0.14645 0.35355 0.92388
vn 0.27060 0.65328 0.70711
vn 0.35355 0.85355 0.38268
vn 0.38268 0.92388 0.00000
vn 0.35355 0.85355 -0.38268
vn 0.27060 0.65328 -0.70711
vn 0.14645 0.35355 -0.92388
vn 0.00000 0.00000 -1.00000
vn -0.14645 -0.35355 -0.92388
vn -0.27060 -0.65328 -0.70711
vn -0.35355 -0.85355 -0.38268
vn -0.38268 -0.92388 -0.00000
vn -0.50000 -0.86603 0.00000
vn -0.46194 -0.80010 0.38268
vn -0.35355 -0.61237 0.70711
vn -0.19134 -0.33141 0.92388
vn -0.00000 -0.00000 1.00000
vn 0.19134 0.33141 0.92388
vn 0.35355 0.61237 0.70711
vn 0.46194 0.80010 0.38268
vn 0.50000 0.86603 0.00000
vn 0.46194 0.80010 -0.38268
vn 0.35355 0.61237 -0.70711
vn 0.19134 0.33141 -0.92388
vn 0.00000 0.00000 -1.00000
vn -0.19134 -0.33141 -0.92388
vn -0.35355 -0.61237 -0.70711
vn -0.46194 -0.80010 -0.38268
vn -0.50000 -0.86603 -0.00000
vn -0.60876 -0.79335 0.00000
vn -0.56242 -0.73296 0.38268
vn -0.43046 -0.56099 0.70711
vn -0.23296 -0.30360 0.92388
vn -0.00000 -0.00000 1.00000
vn 0.23296 0.30360 0.92388
vn 0.43046 0.56099 0.70711
vn 0.56242 0.73296 0.38268
vn 0.60876 0.79335 0.00000
vn 0.56242 0.73296 -0.38268
vn 0.43046 0.56099 -0.70711
vn 0.23296 0.30360 -0.92388
vn 0.00000 0.00000 -1.00000
vn -0.23296 -0.30360 -0.92388
vn -0.43046 -0.56099 -0.70711
vn -0.56242 -0.73296 -0.38268
vn -0.60876 -0.79335 -0.00000
vn -0.70711 -0.70711 0.00000
vn -0.65328 -0.65328 0.38268
vn -0.50000 -0.50000 0.70711
vn -0.27060 -0.27060 0.92388
vn -0.00000 -0.00000 1.00000
vn 0.27060 0.27060 0.92388
vn 0.50000 0.50000 0.70711
vn 0.65328 0.65328 0.38268
vn 0.70711 0.70711 0.00000
vn 0.65328 0.65328 -0.38268
vn 0.50000 0.50000 -0.70711
vn 0.27060 0.27060 -0.92388
vn 0.00000 0.00000 -1.00000
vn -0.27060 -0.27060 -0.92388
vn -0.50000 -0.50000 -0.70711
vn -0.65328 -0.65328 -0.38268
vn -0.70711 -0.70711 -0.00000
vn -0.79335 -0.60876 0.00000
vn -0.73296 -0.56242 0.38268
vn -0.56099 -0.43046 0.70711
vn -0.30360 -0.23296 0.92388
vn -0.00000 -0.00000 1.00000
vn 0.30360 0.23296 0.92388
vn 0.56099 0.43046 0.70711
vn 0.73296 0.56242 0.38268
vn 0.79335 0.60876 0.00000
vn 0.73296 0.56242 -0.38268
vn 0.56099 0.43046 -0.70711
vn 0.30360 0.23296 -0.92388
vn 0.00000 0.00000 -1.00000
vn -0.30360 -0.23296 -0.92388
vn -0.56099 -0.43046 -0.70711
vn -0.73296 -0.56242 -0.38268
vn -0.79335 -0.60876 -0.00000
vn -0.86603 -0.50000 0.00000
vn -0.80010 -0.46194 0.38268
vn -0.61237 -0.35355 0.70711
vn -0.33141 -0.19134 0.92388
vn -0.00000 -0.00000 1.00000
vn 0.33141 0.19134 0.92388
vn 0.61237 0.35355 0.70711
vn 0.80010 0.46194 0.38268
vn 0.86603 0.50000 0.00000
vn 0.80010 0.46194 -0.38268
vn 0.61237 0.35355 -0.70711
vn 0.33141 0.19134 -0.92388
vn 0.00000 0.00000 -1.00000
vn -0.33141 -0.19134 -0.92388
vn -0.61237 -0.35355 -0.70711
vn -0.80010 -0.46194 -0.38268
vn -0.86603 -0.50000 -0.00000
vn -0.92388 -0.38268 0.00000
vn -0.85355 -0.35355 0.38268
vn -0.65328 -0.27060 0.70711
vn -0.35355 -0.14645 0.92388
vn -0.00000 -0.00000 1.00000
vn 0.35355 0.14645 0.92388
vn 0.65328 0.27060 0.70711
vn 0.85355 0.35355 0.38268
vn 0.92388 0.38268 0.00000
vn 0.85355 0.35355 -0.38268
vn 0.65328 0.27060 -0.70711
vn 0.35355 0.14645 -0.92388
vn 0.00000 0.00000 -1.00000
vn -0.35355 -0.14645 -0.92388
vn -0.65328 -0.27060 -0.70711
vn -0.85355 -0.35355 -0.38268
vn -0.92388 -0.38268 -0.00000
vn -0.96593 -0.25882 0.00000
vn -0.89240 -0.23912 0.38268
vn -0.68301 -0.18301 0.70711
vn -0.36964 -0.09905 0.92388
vn -0.00000 -0.00000 1.00000
vn 0.36964 0.09905 0.92388
vn 0.68301 0.18301 0.70711
vn 0.89240 0.23912 0.38268
vn 0.96593 0.25882 0.00000
vn 0.89240 0.23912 -0.38268
vn 0.68301 0.18301 -0.70711
vn 0.36964 0.09905 -0.92388
vn 0.00000 0.00000 -1.00000
vn -0.36964 -0.09905 -0.92388
vn -0.68301 -0.18301 -0.70711
vn -0.89240 -0.23912 -0.38268
vn -0.96593 -0.25882 -0.00000
vn -0.99144 -0.13053 0.00000
vn -0.91598 -0.12059 0.38268
vn -0.70106 -0.09230 0.70711
vn -0.37941 -0.04995 0.92388
vn -0.00000 -0.00000 1.00000
vn 0.37941 0.04995 0.92388
vn 0.70106 0.09230 0.70711
vn 0.91598 0.12059 0.38268
vn 0.99144 0.13053 0.00000
vn 0.91598 0.12059 -0.38268
vn 0.70106 0.09230 -0.70711
vn 0.37941 0.04995 -0.92388
vn 0.00000 0.00000 -1.00000
vn -0.37941 -0.04995 -0.92388
vn -0.70106 -0.09230 -0.70711
vn -0.91598 -0.12059 -0.38268
vn -0.99144 -0.13053 -0.00000
vn -1.00000 -0.00000 0.00000
vn -0.92388 -0.00000 0.38268
vn -0.70711 -0.00000 0.70711
vn -0.38268 -0.00000 0.92388
vn -0.00000 -0.00000 1.00000
vn 0.38268 0.00000 0.92388
vn 0.70711 0.00000 0.70711
vn 0.92388 0.00000 0.38268
vn 1.00000 0.00000 0.00000
vn 0.92388 0.00000 -0.38268
vn 0.70711 0.00000 -0.70711
vn 0.38268 0.00000 -0.92388
vn 0.00000 0.00000 -1.00000
vn -0.38268 -0.00000 -0.92388
vn -0.70711 -0.00000 -0.70711
vn -0.92388 -0.00000 -0.38268
vn -1.00000 -0.00000 -0.00000
vn -0.99144 0.13053 0.00000
vn -0.91598 0.12059 0.38268
vn -0.70106 0.09230 0.70711
vn -0.37941 0.04995 0.92388
vn -0.00000 0.00000 1.00000
vn 0.37941 -0.04995 0.92388
vn 0.70106 -0.09230 0.70711
vn 0.91598 -0.12059 0.38268
vn 0.99144 -0.13053 0.00000
vn 0.91598 -0.12059 -0.38268
vn 0.70106 -0.09230 -0.70711
vn 0.37941 -0.04995 -0.92388
vn 0.00000 -0.00000 -1.00000
vn -0.37941 0.04995 -0.92388
vn -0.70106 0.09230 -0.70711
vn -0.91598 0.12059 -0.38268
vn -0.99144 0.13053 -0.00000
vn -0.96593 0.25882 0.00000
vn -0.89240 0.23912 0.38268
vn -0.68301 0.18301 0.70711
vn -0.36964 0.09905 0.92388
vn -0.00000 0.00000 1.00000
vn 0.36964 -0.09905 0.92388
vn 0.68301 -0.18301 0.70711
vn 0.89240 -0.23912 0.38268
vn 0.96593 -0.25882 0.00000
vn 0.89240 -0.23912 -0.38268
vn 0.68301 -0.18301 -0.70711
vn 0.36964 -0.09905 -0.92388
vn 0.00000 -0.00000 -1.00000
vn -0.36964 0.09905 -0.92388
vn -0.68301 0.18301 -0.70711
vn -0.89240 0.23912 -0.38268
vn -0.96593 0.25882 -0.00000
vn -0.92388 0.38268 0.00000
vn -0.85355 0.35355 0.38268
vn -0.65328 0.27060 0.70711
vn -0.35355 0.14645 0.92388
vn -0.00000 0.00000 1.00000
vn 0.35355 -0.14645 0.92388
vn 0.65328 -0.27060 0.70711
vn 0.85355 -0.35355 0.38268
vn 0.92388 -0.38268 0.00000
vn 0.85355 -0.35355 -0.38268
vn 0.65328 -0.27060 -0.70711
vn 0.35355 -0.14645 -0.92388
vn 0.00000 -0.00000 -1.00000
vn -0.35355 0.14645 -0.92388
vn -0.65328 0.27060 -0.70711
vn -0.85355 0.35355 -0.38268
vn -0.92388 0.38268 -0.00000
vn -0.86603 0.50000 0.00000
vn -0.80010 0.46194 0.38268
vn -0.61237 0.35355 0.70711
vn -0.33141 0.19134 0.92388
vn -0.00000 0.00000 1.00000
vn 0.33141 -0.19134 0.92388
vn 0.61237 -0.35355 0.70711
vn 0.80010 -0.46194 0.38268
vn 0.86603 -0.50000 0.00000
vn 0.80010 -0.46194 -0.38268
vn 0.61237 -0.35355 -0.70711
vn 0.33141 -0.19134 -0.92388
vn 0.00000 -0.00000 -1.00000
vn -0.33141 0.19134 -0.92388
vn -0.61237 0.35355 -0.70711
vn -0.80010 0.46194 -0.38268
vn -0.86603 0.50000 -0.00000
vn -0.79335 0.60876 0.00000
vn -0.73296 0.56242 0.38268
vn -0.56099 0.43046 0.70711
vn -0.30360 0.23296 0.92388
vn -0.00000 0.00000 1.00000
vn 0.30360 -0.23296 0.92388
vn 0.56099 -0.43046 0.70711
vn 0.73296 -0.56242 0.38268
vn 0.79335 -0.60876 0.00000
vn 0.73296 -0.56242 -0.38268
vn 0.56099 -0.43046 -0.70711
vn 0.30360 -0.23296 -0.92388
vn 0.00000 -0.00000 -1.00000
vn -0.30360 0.23296 -0.92388
vn -0.56099 0.43046 -0.70711
vn -0.73296 0.56242 -0.38268
vn -0.79335 0.60876 -0.00000
vn -0.70711 0.70711 0.00000
vn -0.65328 0.65328 0.38268
vn -0.50000 0.50000 0.70711
vn -0.27060 0.27060 0.92388
vn -0.00000 0.00000 1.00000
vn 0.27060 -0.27060 0.92388
vn 0.50000 -0.50000 0.70711
vn 0.65328 -0.65328 0.38268
vn 0.70711 -0.70711 0.00000
vn 0.65328 -0.65328 -0.38268
vn 0.50000 -0.50000 -0.70711
vn 0.27060 -0.27060 -0.92388
vn 0.00000 -0.00000 -1.00000
vn -0.27060 0.27060 -0.92388
vn -0.50000 0.50000 -0.70711
vn -0.65328 0.65328 -0.38268
vn -0.70711 0.70711 -0.00000
vn -0.60876 0.79335 0.00000
vn -0.56242 0.73296 0.38268
vn -0.43046 0.56099 0.70711
vn -0.23296 0.30360 0.92388
vn -0.00000 0.00000 1.00000
vn 0.23296 -0.30360 0.92388
vn 0.43046 -0.56099 0.70711
vn 0.56242 -0.73296 0.38268
vn 0.60876 -0.79335 0.00000
vn 0.56242 -0.73296 -0.38268
vn 0.43046 -0.56099 -0.70711
vn 0.23296 -0.30360 -0.92388
vn 0.00000 -0.00000 -1.00000
vn -0.23296 0.30360 -0.92388
vn -0.43046 0.56099 -0.70711
vn -0.56242 0.73296 -0.38268
vn -0.60876 0.79335 -0.00000
vn -0.50000 0.86603 0.00000
vn -0.46194 0.80010 0.38268
vn -0.35355 0.61237 0.70711
vn -0.19134 0.33141 0.92388
vn -0.00000 0.00000 1.00000
vn 0.19134 -0.33141 0.92388
vn 0.35355 -0.61237 0.70711
vn 0.46194 -0.80010 0.38268
vn 0.50000 -0.86603 0.00000
vn 0.46194 -0.80010 -0.38268
vn 0.35355 -0.61237 -0.70711
vn 0.19134 -0.33141 -0.92388
vn 0.00000 -0.00000 -1.00000
vn -0.19134 0.33141 -0.92388
vn -0.35355 0.61237 -0.70711
vn -0.46194 0.80010 -0.38268
vn -0.50000 0.86603 -0.00000
vn -0.38268 0.92388 0.00000
vn -0.35355 0.85355 0.38268
vn -0.27060 0.65328 0.70711
vn -0.14645 0.35355 0.92388
vn -0.00000 0.00000 1.00000
vn 0.14645 -0.35355 0.92388
vn 0.27060 -0.65328 0.70711
vn 0.35355 -0.85355 0.38268
vn 0.38268 -0.92388 0.00000
vn 0.35355 -0.85355 -0.38268
vn 0.27060 -0.65328 -0.70711
vn 0.14645 -0.35355 -0.92388
vn 0.00000 -0.00000 -1.00000
vn -0.14645 0.35355 -0.92388
vn -0.27060 0.65328 -0.70711
vn -0.35355 0.85355 -0.38268
vn -0.38268 0.92388 -0.00000
vn -0.25882 0.96593 0.00000
vn -0.23912 0.89240 0.38268
vn -0.18301 0.68301 0.70711
vn -0.09905 0.36964 0.92388
vn -0.00000 0.00000 1.00000
vn 0.09905 -0.36964 0.92388
vn 0.18301 -0.68301 0.70711
vn 0.23912 -0.89240 0.38268
vn 0.25882 -0.96593 0.00000
vn 0.23912 -0.89240 -0.38268
vn 0.18301 -0.68301 -0.70711
vn 0.09905 -0.36964 -0.92388
vn 0.00000 -0.00000 -1.00000
vn -0.09905 0.36964 -0.92388
vn -0.18301 0.68301 -0.70711
vn -0.23912 0.89240 -0.38268
vn -0.25882 0.96593 -0.00000
vn -0.13053 0.99144 0.00000
vn -0.12059 0.91598 0.38268
vn -0.09230 0.70106 0.70711
vn -0.04995 0.37941 0.92388
vn -0.00000 0.00000 1.00000
vn 0.04995 -0.37941 0.92388
vn 0.09230 -0.70106 0.70711
vn 0.12059 -0.91598 0.38268
vn 0.13053 -0.99144 0.00000
vn 0.12059 -0.91598 -0.38268
vn 0.09230 -0.70106 -0.70711
vn 0.04995 -0.37941 -0.92388
vn 0.00000 -0.00000 -1.00000
vn -0.04995 0.37941 -0.92388
vn -0.09230 0.70106 -0.70711
vn -0.12059 0.91598 -0.38268
vn -0.13053 0.99144 -0.00000
vn -0.00000 1.00000 0.00000
vn -0.00000 0.92388 0.38268
vn -0.00000 0.70711 0.70711
vn -0.00000 0.38268 0.92388
vn -0.00000 0.00000 1.00000
vn 0.00000 -0.38268 0.92388
vn 0.00000 -0.70711 0.70711
vn 0.00000 -0.92388 0.38268
vn 0.00000 -1.00000 0.00000
vn 0.00000 -0.92388 -0.38268
vn 0.00000 -0.70711 -0.70711
vn 0.00000 -0.38268 -0.92388
vn 0.00000 -0.00000 -1.00000
vn -0.00000 0.38268 -0.92388
vn -0.00000 0.70711 -0.70711
vn -0.00000 0.92388 -0.38268
vn -0.00000 1.00000 -0.00000
vn 0.13053 0.99144 0.00000
vn 0.12059 0.91598 0.38268
vn 0.09230 0.70106 0.70711
vn 0.04995 0.37941 0.92388
vn 0.00000 0.00000 1.00000
vn -0.04995 -0.37941 0.92388
vn -0.09230 -0.70106 0.70711
vn -0.12059 -0.91598 0.38268
vn -0.13053 -0.99144 0.00000
vn -0.12059 -0.91598 -0.38268
vn -0.09230 -0.70106 -0.70711
vn -0.04995 -0.37941 -0.92388
vn -0.00000 -0.00000 -1.00000
vn 0.04995 0.37941 -0.92388
vn 0.09230 0.70106 -0.70711
vn 0.12059 0.91598 -0.38268
vn 0.13053 0.99144 -0.00000
vn 0.25882 0.96593 0.00000
vn 0.23912 0.89240 0.38268
vn 0.18301 0.68301 0.70711
vn 0.09905 0.36964 0.92388
vn 0.00000 0.00000 1.00000
vn -0.09905 -0.36964 0.92388
vn -0.18301 -0.68301 0.70711
vn -0.23912 -0.89240 0.38268
vn -0.25882 -0.96593 0.00000
vn -0.23912 -0.89240 -0.38268
vn -0.18301 -0.68301 -0.70711
vn -0.09905 -0.36964 -0.92388
vn -0.00000 -0.00000 -1.00000
vn 0.09905 0.36964 -0.92388
vn 0.18301 0.68301 -0.70711
vn 0.23912 0.89240 -0.38268
vn 0.25882 0.96593 -0.00000
vn 0.38268 0.92388 0.00000
vn 0.35355 0.85355 0.38268
vn 0.27060 0.65328 0.70711
vn 0.14645 0.35355 0.92388
vn 0.00000 0.00000 1.00000
vn -0.14645 -0.35355 0.92388
vn -0.27060 -0.65328 0.70711
vn -0.35355 -0.85355 0.38268
vn -0.38268 -0.92388 0.00000
vn -0.35355 -0.85355 -0.38268
vn -0.27060 -0.65328 -0.70711
vn -0.14645 -0.35355 -0.92388
vn -0.00000 -0.00000 -1.00000
vn 0.14645 0.35355 -0.92388
vn 0.27060 0.65328 -0.70711
vn 0.35355 0.85355 -0.38268
vn 0.38268 0.92388 -0.00000
vn 0.50000 0.86603 0.00000
vn 0.46194 0.80010 0.38268
vn 0.35355 0.61237 0.70711
vn 0.19134 0.33141 0.92388
vn 0.00000 0.00000 1.00000
vn -0.19134 -0.33141 0.92388
vn -0.35355 -0.61237 0.70711
vn -0.46194 -0.80010 0.38268
vn -0.50000 -0.86603 0.00000
vn -0.46194 -0.80010 -0.38268
vn -0.35355 -0.61237 -0.70711
vn -0.19134 -0.33141 -0.92388
vn -0.00000 -0.00000 -1.00000
vn 0.19134 0.33141 -0.92388
vn 0.35355 0.61237 -0.70711
vn 0.46194 0.80010 -0.38268
vn 0.50000 0.86603 -0.00000
vn 0.60876 0.79335 0.00000
vn 0.56242 0.73296 0.38268
vn 0.43046 0.56099 0.70711
vn 0.23296 0.30360 0.92388
vn 0.00000 0.00000 1.00000
vn -0.23296 -0.30360 0.92388
vn -0.43046 -0.56099 0.70711
vn -0.56242 -0.73296 0.38268
vn -0.60876 -0.79335 0.00000
vn -0.56242 -0.73296 -0.38268
vn -0.43046 -0.56099 -0.70711
vn -0.23296 -0.30360 -0.92388
vn -0.00000 -0.00000 -1.00000
vn 0.23296 0.30360 -0.92388
vn 0.43046 0.56099 -0.70711
vn 0.56242 0.73296 -0.38268
vn 0.60876 0.79335 -0.00000
vn 0.70711 0.70711 0.00000
vn 0.65328 0.65328 0.38268
vn 0.50000 0.50000 0.70711
vn 0.27060 0.27060 0.92388
vn 0.00000 0.00000 1.00000
vn -0.27060 -0.27060 0.92388
vn -0.50000 -0.50000 0.70711
vn -0.65328 -0.65328 0.38268
vn -0.70711 -0.70711 0.00000
vn -0.65328 -0.65328 -0.38268
vn -0.50000 -0.50000 -0.70711
vn -0.27060 -0.27060 -0.92388
vn -0.00000 -0.00000 -1.00000
vn 0.27060 0.27060 -0.92388
vn 0.50000 0.50000 -0.70711
vn 0.65328 0.65328 -0.38268
vn 0.70711 0.70711 -0.00000
vn 0.79335 0.60876 0.00000
vn 0.73296 0.56242 0.38268
vn 0.56099 0.43046 0.70711
vn 0.30360 0.23296 0.92388
vn 0.00000 0.00000 1.00000
vn -0.30360 -0.23296 0.92388
vn -0.56099 -0.43046 0.70711
vn -0.73296 -0.56242 0.38268
vn -0.79335 -0.60876 0.00000
vn -0.73296 -0.56242 -0.38268
vn -0.56099 -0.43046 -0.70711
vn -0.30360 -0.23296 -0.92388
vn -0.00000 -0.00000 -1.00000
vn 0.30360 0.23296 -0.92388
vn 0.56099 0.43046 -0.70711
vn 0.73296 0.56242 -0.38268
vn 0.79335 0.60876 -0.00000
vn 0.86603 0.50000 0.00000
vn 0.80010 0.46194 0.38268
vn 0.61237 0.35355 0.70711
vn 0.33141 0.19134 0.92388
vn 0.00000 0.00000 1.00000
vn -0.33141 -0.19134 0.92388
vn -0.61237 -0.35355 0.70711
vn -0.80010 -0.46194 0.38268
vn -0.86603 -0.50000 0.00000
vn -0.80010 -0.46194 -0.38268
vn -0.61237 -0.35355 -0.70711
vn -0.33141 -0.19134 -0.92388
vn -0.00000 -0.00000 -1.00000
vn 0.33141 0.19134 -0.92388
vn 0.61237 0.35355 -0.70711
vn 0.80010 0.46194 -0.38268
vn 0.86603 0.50000 -0.00000
vn 0.92388 0.38268 0.00000
vn 0.85355 0.35355 0.38268
vn 0.65328 0.27060 0.70711
vn 0.35355 0.14645 0.92388
vn 0.00000 0.00000 1.00000
vn -0.35355 -0.14645 0.92388
vn -0.65328 -0.27060 0.70711
vn -0.85355 -0.35355 0.38268
vn -0.92388 -0.38268 0.00000
vn -0.85355 -0.35355 -0.38268
vn -0.65328 -0.27060 -0.70711
vn -0.35355 -0.14645 -0.92388
vn -0.00000 -0.00000 -1.00000
vn 0.35355 0.14645 -0.92388
vn 0.65328 0.27060 -0.70711
vn 0.85355 0.35355 -0.38268
vn 0.92388 0.38268 -0.00000
vn 0.96593 0.25882 0.00000
vn 0.89240 0.23912 0.38268
vn 0.68301 0.18301 0.70711
vn 0.36964 0.09905 0.92388
vn 0.00000 0.00000 1.00000
vn -0.36964 -0.09905 0.92388
vn -0.68301 -0.18301 0.70711
vn -0.89240 -0.23912 0.38268
vn -0.96593 -0.25882 0.00000
vn -0.89240 -0.23912 -0.38268
vn -0.68301 -0.18301 -0.70711
vn -0.36964 -0.09905 -0.92388
vn -0.00000 -0.00000 -1.00000
vn 0.36964 0.09905 -0.92388
vn 0.68301 0.18301 -0.70711
vn 0.89240 0.23912 -0.38268
vn 0.96593 0.25882 -0.00000
vn 0.99144 0.13053 0.00000
vn 0.91598 0.12059 0.38268
vn 0.70106 0.09230 0.70711
vn 0.37941 0.04995 0.92388
vn 0.00000 0.00000 1.00000
vn -0.37941 -0.04995 0.92388
vn -0.70106 -0.09230 0.70711
vn -0.91598 -0.12059 0.38268
vn -0.99144 -0.13053 0.00000
vn -0.91598 -0.12059 -0.38268
vn -0.70106 -0.09230 -0.70711
vn -0.37941 -0.04995 -0.92388
vn -0.00000 -0.00000 -1.00000
vn 0.37941 0.04995 -0.92388
vn 0.70106 0.09230 -0.70711
vn 0.91598 0.12059 -0.38268
vn 0.99144 0.13053 -0.00000
vn 1.00000 0.00000 0.00000
vn 0.92388 0.00000 0.38268
vn 0.70711 0.00000 0.70711
vn 0.38268 0.00000 0.92388
vn 0.00000 0.00000 1.00000
vn -0.38268 -0.00000 0.92388
vn -0.70711 -0.00000 0.70711
vn -0.92388 -0.00000 0.38268
vn -1.00000 -0.00000 0.00000
vn -0.92388 -0.00000 -0.38268
vn -0.70711 -0.00000 -0.70711
vn -0.38268 -0.00000 -0.92388
vn -0.00000 -0.00000 -1.00000
vn 0.38268 0.00000 -0.92388
vn 0.70711 0.00000 -0.70711
vn 0.92388 0.00000 -0.38268
vn 1.00000 0.00000 -0.00000
usemtl Main
s off
f 1/1/1 2/2/2 19/19/19
f 1/1/1 19/19/19 18/18/18
f 2/2/2 3/3/3 20/20/20
f 2/2/2 20/20/20 19/19/19
f 3/3/3 4/4/4 21/21/21
f 3/3/3 21/21/21 20/20/20
f 4/4/4 5/5/5 22/22/22
f 4/4/4 22/22/22 21/21/21
f 5/5/5 6/6/6 23/23/23
f 5/5/5 23/23/23 22/22/22
f 6/6/6 7/7/7 24/24/24
f 6/6/6 24/24/24 23/23/23
f 7/7/7 8/8/8 25/25/25
f 7/7/7 25/25/25 24/24/24
f 8/8/8 9/9/9 26/26/26
f 8/8/8 26/26/26 25/25/25
f 9/9/9 10/10/10 27/27/27
f 9/9/9 27/27/27 26/26/26
f 10/10/10 11/11/11 28/28/28
f 10/10/10 28/28/28 27/27/27
f 11/11/11 12/12/12 29/29/29
f 11/11/11 29/29/29 28/28/28
f 12/12/12 13/13/13 30/30/30
f 12/12/12 30/30/30 29/29/29
f 13/13/13 14/14/14 31/31/31
f 13/13/13 31/31/31 30/30/30
f 14/14/14 15/15/15 32/32/32
f 14/14/14 32/32/32 31/31/31
f 15/15/15 16/16/16 33/33/33
f 15/15/15 33/33/33 32/32/32
f 16/16/16 17/17/17 34/34/34
f 16/16/16 34/34/34 33/33/33
f 18/18/18 19/19/19 36/36/36
f 18/18/18 36/36/36 35/35/35
f 19/19/19 20/20/20 37/37/37
f 19/19/19 37/37/37 36/36/36
f 20/20/20 21/21/21 38/38/38
f 20/20/20 38/38/38 37/37/37
f 21/21/21 22/22/22 39/39/39
f 21/21/21 39/39/39 38/38/38
f 22/22/22 23/23/23 40/40/40
f 22/22/22 40/40/40 39/39/39
f 23/23/23 24/24/24 41/41/41
f 23/23/23 41/41/41 40/40/40
f 24/24/24 25/25/25 42/42/42
f 24/24/24 42/42/42 41/41/41
f 25/25/25 26/26/26 43/43/43
f 25/25/25 43/43/43 42/42/42
f 26/26/26 27/27/27 44/44/44
f 26/26/26 44/44/44 43/43/43
f 27/27/27 28/28/28 45/45/45
f 27/27/27 45/45/45 44/44/44
f 28/28/28 29/29/29 46/46/46
f 28/28/28 46/46/46 45/45/45
f 29/29/29 30/30/30 47/47/47
f 29/29/29 47/47/47 46/46/46
f 30/30/30 31/31/31 48/48/48
f 30/30/30 48/48/48 47/47/47
f 31/31/31 32/32/32 49/49/49
f 31/31/31 49/49/49 48/48/48
f 32/32/32 33/33/33 50/50/50
f 32/32/32 50/50/50 49/49/49
f 33/33/33 34/34/34 51/51/51
f 33/33/33 51/51/51 50/50/50
f 35/35/35 36/36/36 53/53/53
f 35/35/35 53/53/53 52/52/52
f 36/36/36 37/37/37 54/54/54
f 36/36/36 54/54/54 53/53/53
f 37/37/37 38/38/38 55/55/55
f 37/37/37 55/55/55 54/54/54
f 38/38/38 39/39/39 56/56/56
f 38/38/38 56/56/56 55/55/55
f 39/39/39 40/40/40 57/57/57
f 39/39/39 57/57/57 56/56/56
f 40/40/40 41/41/41 58/58/58
f 40/40/40 58/58/58 57/57/57
f 41/41/41 42/42/42 59/59/59
f 41/41/41 59/59/59 58/58/58
f 42/42/42 43/43/43 60/60/60
f 42/42/42 60/60/60 59/59/59
f 43/43/43 44/44/44 61/61/61
f 43/43/43 61/61/61 60/60/60
f 44/44/44 45/45/45 62/62/62
f 44/44/44 62/62/62 61/61/61
f 45/45/45 46/46/46 63/63/63
f 45/45/45 63/63/63 62/62/62
f 46/46/46 47/47/47 64/64/64
f 46/46/46 64/64/64 63/63/63
f 47/47/47 48/48/48 65/65/65
f 47/47/47 65/65/65 64/64/64
f 48/48/48 49/49/49 66/66/66
f 48/48/48 66/66/66 65/65/65
f 49/49/49 50/50/50 67/67/67
f 49/49/49 67/67/67 66/66/66
f 50/50/50 51/51/51 68/68/68
f 50/50/50 68/68/68 67/67/67
f 52/52/52 53/53/53 70/70/70
f 52/52/52 70/70/70 69/69/69
f 53/53/53 54/54/54 71/71/71
f 53/53/53 71/71/71 70/70/70
f 54/54/54 55/55/55 72/72/72
f 54/54/54 72/72/72 71/71/71
f 55/55/55 56/56/56 73/73/73
f 55/55/55 73/73/73 72/72/72
f 56/56/56 57/57/57 74/74/74
f 56/56/56 74/74/74 73/73/73
f 57/57/57 58/58/58 75/75/75
f 57/57/57 75/75/75 74/74/74
f 58/58/58 59/59/59 76/76/76
f 58/58/58 76/76/76 75/75/75
f 59/59/59 60/60/60 77/77/77
f 59/59/59 77/77/77 76/76/76
f 60/60/60 61/61/61 78/78/78
f 60/60/60 78/78/78 77/77/77
f 61/61/61 62/62/62 79/79/79
f 61/61/61 79/79/79 78/78/78
f 62/62/62 63/63/63 80/80/80
f 62/62/62 80/80/80 79/79/79
f 63/63/63 64/64/64 81/81/81
f 63/63/63 81/81/81 80/80/80
f 64/64/64 65/65/65 82/82/82
f 64/64/64 82/82/82 81/81/81
f 65/65/65 66/66/66 83/83/83
f 65/65/65 83/83/83 82/82/82
f 66/66/66 67/67/67 84/84/84
f 66/66/66 84/84/84 83/83/83
f 67/67/67 68/68/68 85/85/85
f 67/67/67 85/85/85 84/84/84
f 69/69/69 70/70/70 87/87/87
f 69/69/69 87/87/87 86/86/86
f 70/70/70 71/71/71 88/88/88
f 70/70/70 88/88/88 87/87/87
f 71/71/71 72/72/72 89/89/89
f 71/71/71 89/89/89 88/88/88
f 72/72/72 73/73/73 90/90/90
f 72/72/72 90/90/90 89/89/89
f 73/73/73 74/74/74 91/91/91
f 73/73/73 91/91/91 90/90/90
f 74/74/74 75/75/75 92/92/92
f 74/74/74 92/92/92 91/91/91
f 75/75/75 76/76/76 93/93/93
f 75/75/75 93/93/93 92/92/92
f 76/76/76 77/77/77 94/94/94
f 76/76/76 94/94/94 93/93/93
f 77/77/77 78/78/78 95/95/95
f 77/77/77 95/95/95 94/94/94
f 78/78/78 79/79/79 96/96/96
f 78/78/78 96/96/96 95/95/95
f 79/79/79 80/80/80 97/97/97
f 79/79/79 97/97/97 96/96/96
f 80/80/80 81/81/81 98/98/98
f 80/80/80 98/98/98 97/97/97
f 81/81/81 82/82/82 99/99/99
f 81/81/81 99/99/99 98/98/98
f 82/82/82 83/83/83 100/100/100
f 82/82/82 100/100/100 99/99/99
f 83/83/83 84/84/84 101/101/101
f 83/83/83 101/101/101 100/100/100
f 84/84/84 85/85/85 102/102/102
f 84/84/84 102/102/102 101/101/101
f 86/86/86 87/87/87 104/104/104
f 86/86/86 104/104/104 103/103/103
f 87/87/87 88/88/88 105/105/105
f 87/87/87 105/105/105 104/104/104
f 88/88/88 89/89/89 106/106/106
f 88/88/88 106/106/106 105/105/105
f 89/89/89 90/90/90 107/107/107
f 89/89/89 107/107/107 106/106/106
f 90/90/90 91/91/91 108/108/108
f 90/90/90 108/108/108 107/107/107
f 91/91/91 92/92/92 109/109/109
f 91/91/91 109/109/109 108/108/108
f 92/92/92 93/93/93 110/110/110
f 92/92/92 110/110/110 109/109/109
f 93/93/93 94/94/94 111/111/111
f 93/93/93 111/111/111 110/110/110
f 94/94/94 95/95/95 112/112/112
f 94/94/94 112/112/112 111/111/111
f 95/95/95 96/96/96 113/113/113
f 95/95/95 113/113/113 112/112/112
f 96/96/96 97/97/97 114/114/114
f 96/96/96 114/114/114 113/113/113
f 97/97/97 98/98/98 115/115/115
f 97/97/97 115/115/115 114/114/114
f 98/98/98 99/99/99 116/116/116
f 98/98/98 116/116/116 115/115/115
f 99/99/99 100/100/100 117/117/117
f 99/99/99 117/117/117 116/116/116
f 100/100/100 101/101/101 118/118/118
f 100/100/100 118/118/118 117/117/117
f 101/101/101 102/102/102 119/119/119
f 101/101/101 119/119/119 118/118/118
f 103/103/103 104/104/104 121/121/121
f 103/103/103 121/121/121 120/120/120
f 104/104/104 105/105/105 122/122/122
f 104/104/104 122/122/122 121/121/121
f 105/105/105 106/106/106 123/123/123
f 105/105/105 123/123/123 122/122/122
f 106/106/106 107/107/107 124/124/124
f 106/106/106 124/124/124 123/123/123
f 107/107/107 108/108/108 125/125/125
f 107/107/107 125/125/125 124/124/124
f 108/108/108 109/109/109 126/126/126
f 108/108/108 126/126/126 125/125/125
f 109/109/109 110/110/110 127/127/127
f 109/109/109 127/127/127 126/126/126
f 110/110/110 111/111/111 128/128/128
f 110/110/110 128/128/128 127/127/127
f 111/111/111 112/112/112 129/129/129
f 111/111/111 129/129/129 128/128/128
f 112/112/112 113/113/113 130/130/130
f 112/112/112 130/130/130 129/129/129
f 113/113/113 114/114/114 131/131/131
f 113/113/113 131/131/131 130/130/130
f 114/114/114 115/115/115 132/132/132
f 114/114/114 132/132/132 131/131/131
f 115/115/115 116/116/116 133/133/133
f 115/115/115 133/133/133 132/132/132
f 116/116/116 117/117/117 134/134/134
f 116/116/116 134/134/134 133/133/133
f 117/117/117 118/118/118 135/135/135
f 117/117/117 135/135/135 134/134/134
f 118/118/118 119/119/119 136/136/136
f 118/118/118 136/136/136 135/135/135
f 120/120/120 121/121/121 138/138/138
f 120/120/120 138/138/138 137/137/137
f 121/121/121 122/122/122 139/139/139
f 121/121/121 139/139/139 138/138/138
f 122/122/122 123/123/123 140/140/140
f 122/122/122 140/140/140 139/139/139
f 123/123/123 124/124/124 141/141/141
f 123/123/123 141/141/141 140/140/140
f 124/124/124 125/125/125 142/142/142
f 124/124/124 142/142/142 141/141/141
f 125/125/125 126/126/126 143/143/143
f 125/125/125 143/143/143 142/142/142
f 126/126/126 127/127/127 144/144/144
f 126/126/126 144/144/144 143/143/143
f 127/127/127 128/128/128 145/145/145
f 127/127/127 145/145/145 144/144/144
f 128/128/128 129/129/129 146/146/146
f 128/128/128 146/146/146 145/145/145
f 129/129/129 130/130/130 147/147/147
f 129/129/129 147/147/147 146/146/146
f 130/130/130 131/131/131 148/148/148
f 130/130/130 148/148/148 147/147/147
f 131/131/131 132/132/132 149/149/149
f 131/131/131 149/149/149 148/148/148
f 132/132/132 133/133/133 150/150/150
f 132/132/132 150/150/150 149/149/149
f 133/133/133 134/134/134 151/151/151
f 133/133/133 151/151/151 150/150/150
f 134/134/134 135/135/135 152/152/152
f 134/134/134 152/152/152 151/151/151
f 135/135/135 136/136/136 153/153/153
f 135/135/135 153/153/153 152/152/152
f 137/137/137 138/138/138 155/155/155
f 137/137/137 155/155/155 154/154/154
f 138/138/138 139/139/139 156/156/156
f 138/138/138 156/156/156 155/155/155
f 139/139/139 140/140/140 157/157/157
f 139/139/139 157/157/157 156/156/156
f 140/140/140 141/141/141 158/158/158
f 140/140/140 158/158/158 157/157/157
f 141/141/141 142/142/142 159/159/159
f 141/141/141 159/159/159 158/158/158
f 142/142/142 143/143/143 160/160/160
f 142/142/142 160/160/160 159/159/159
f 143/143/143 144/144/144 161/161/161
f 143/143/143 161/161/161 160/160/160
f 144/144/144 145/145/145 162/162/162
f 144/144/144 162/162/162 161/161/161
f 145/145/145 146/146/146 163/163/163
f 145/145/145 163/163/163 162/162/162
f 146/146/146 147/147/147 164/164/164
f 146/146/146 164/164/164 163/163/163
f 147/147/147 148/148/148 165/165/165
f 147/147/147 165/165/165 164/164/164
f 148/148/148 149/149/149 166/166/166
f 148/148/148 166/166/166 165/165/165
f 149/149/149 150/150/150 167/167/167
f 149/149/149 167/167/167 166/166/166
f 150/150/150 151/151/151 168/168/168
f 150/150/150 168/168/168 167/167/167
f 151/151/151 152/152/152 169/169/169
f 151/151/151 169/169/169 168/168/168
f 152/152/152 153/153/153 170/170/170
f 152/152/152 170/170/170 169/169/169
f 154/154/154 155/155/155 172/172/172
f 154/154/154 172/172/172 171/171/171
f 155/155/155 156/156/156 173/173/173
f 155/155/155 173/173/173 172/172/172
f 156/156/156 157/157/157 174/174/174
f 156/156/156 174/174/174 173/173/173
f 157/157/157 158/158/158 175/175/175
f 157/157/157 175/175/175 174/174/174
f 158/158/158 159/159/159 176/176/176
f 158/158/158 176/176/176 175/175/175
f 159/159/159 160/160/160 177/177/177
f 159/159/159 177/177/177 176/176/176
f 160/160/160 161/161/161 178/178/178
f 160/160/160 178/178/178 177/177/177
f 161/161/161 162/162/162 179/179/179
f 161/161/161 179/179/179 178/178/178
f 162/162/162 163/163/163 180/180/180
f 162/162/162 180/180/180 179/179/179
f 163/163/163 164/164/164 181/181/181
f 163/163/163 181/181/181 180/180/180
f 164/164/164 165/165/165 182/182/182
f 164/164/164 182/182/182 181/181/181
f 165/165/165 166/166/166 183/183/183
f 165/165/165 183/183/183 182/182/182
f 166/166/166 167/167/167 184/184/184
f 166/166/166 184/184/184 183/183/183
f 167/167/167 168/168/168 185/185/185
f 167/167/167 185/185/185 184/184/184
f 168/168/168 169/169/169 186/186/186
f 168/168/168 186/186/186 185/185/185
f 169/169/169 170/170/170 187/187/187
f 169/169/169 187/187/187 186/186/186
f 171/171/171 172/172/172 189/189/189
f 171/171/171 189/189/189 188/188/188
f 172/172/172 173/173/173 190/190/190
f 172/172/172 190/190/190 189/189/189
f 173/173/173 174/174/174 191/191/191
f 173/173/173 191/191/191 190/190/190
f 174/174/174 175/175/175 192/192/192
f 174/174/174 192/192/192 191/191/191
f 175/175/175 176/176/176 193/193/193
f 175/175/175 193/193/193 192/192/192
f 176/176/176 177/177/177 194/194/194
f 176/176/176 194/194/194 193/193/193
f 177/177/177 178/178/178 195/195/195
f 177/177/177 195/195/195 194/194/194
f 178/178/178 179/179/179 196/196/196
f 178/178/178 196/196/196 195/195/195
f 179/179/179 180/180/180 197/197/197
f 179/179/179 197/197/197 196/196/196
f 180/180/180 181/181/181 198/198/198
f 180/180/180 198/198/198 197/197/197
f 181/181/181 182/182/182 199/199/199
f 181/181/181 199/199/199 198/198/198
f 182/182/182 183/183/183 200/200/200
f 182/182/182 200/200/200 199/199/199
f 183/183/183 184/184/184 201/201/201
f 183/183/183 201/201/201 200/200/200
f 184/184/184 185/185/185 202/202/202
f 184/184/184 202/202/202 201/201/201
f 185/185/185 186/186/186 203/203/203
f 185/185/185 203/203/203 202/202/202
f 186/186/186 187/187/187 204/204/204
f 186/186/186 204/204/204 203/203/203
f 188/188/188 189/189/189 206/206/206
f 188/188/188 206/206/206 205/205/205
f 189/189/189 190/190/190 207/207/207
f 189/189/189 207/207/207 206/206/206
f 190/190/190 191/191/191 208/208/208
f 190/190/190 208/208/208 207/207/207
f 191/191/191 192/192/192 209/209/209
f 191/191/191 209/209/209 208/208/208
f 192/192/192 193/193/193 210/210/210
f 192/192/192 210/210/210 209/209/209
f 193/193/193 194/194/194 211/211/211
f 193/193/193 211/211/211 210/210/210
f 194/194/194 195/195/195 212/212/212
f 194/194/194 212/212/212 211/211/211
f 195/195/195 196/196/196 213/213/213
f 195/195/195 213/213/213 212/212/212
f 196/196/196 197/197/197 214/214/214
f 196/196/196 214/214/214 213/213/213
f 197/197/197 198/198/198 215/215/215
f 197/197/197 215/215/215 214/214/214
f 198/198/198 199/199/199 216/216/216
f 198/198/198 216/216/216 215/215/215
f 199/199/199 200/200/200 217/217/217
f 199/199/199 217/217/217 216/216/216
f 200/200/200 201/201/201 218/218/218
f 200/200/200 218/218/218 217/217/217
f 201/201/201 202/202/202 219/219/219
f 201/201/201 219/219/219 218/218/218
f 202/202/202 203/203/203 220/220/220
f 202/202/202 220/220/220 219/219/219
f 203/203/203 204/204/204 221/221/221
f 203/203/203 221/221/221 220/220/220
f 205/205/205 206/206/206 223/223/223
f 205/205/205 223/223/223 222/222/222
f 206/206/206 207/207/207 224/224/224
f 206/206/206 224/224/224 223/223/223
f 207/207/207 208/208/208 225/225/225
f 207/207/207 225/225/225 224/224/224
f 208/208/208 209/209/209 226/226/226
f 208/208/208 226/226/226 225/225/225
f 209/209/209 210/210/210 227/227/227
f 209/209/209 227/227/227 226/226/226
f 210/210/210 211/211/211 228/228/228
f 210/210/210 228/228/228 227/227/227
f 211/211/211 212/212/212 229/229/229
f 211/211/211 229/229/229 228/228/228
f 212/212/212 213/213/213 230/230/230
f 212/212/212 230/230/230 229/229/229
f 213/213/213 214/214/214 231/231/231
f 213/213/213 231/231/231 230/230/230
f 214/214/214 215/215/215 232/232/232
f 214/214/214 232/232/232 231/231/231
f 215/215/215 216/216/216 233/233/233
f 215/215/215 233/233/233 232/232/232
f 216/216/216 217/217/217 234/234/234
f 216/216/216 234/234/234 233/233/233
f 217/217/217 218/218/218 235/235/235
f 217/217/217 235/235/235 234/234/234
f 218/218/218 219/219/219 236/236/236
f 218/218/218 236/236/236 235/235/235
f 219/219/219 220/220/220 237/237/237
f 219/219/219 237/237/237 236/236/236
f 220/220/220 221/221/221 238/238/238
f 220/220/220 238/238/238 237/237/237
f 222/222/222 223/223/223 240/240/240
f 222/222/222 240/240/240 239/239/239
f 223/223/223 224/224/224 241/241/241
f 223/223/223 241/241/241 240/240/240
f 224/224/224 225/225/225 242/242/242
f 224/224/224 242/242/242 241/241/241
f 225/225/225 226/226/226 243/243/243
f 225/225/225 243/243/243 242/242/242
f 226/226/226 227/227/227 244/244/244
f 226/226/226 244/244/244 243/243/243
f 227/227/227 228/228/228 245/245/245
f 227/227/227 245/245/245 244/244/244
f 228/228/228 229/229/229 246/246/246
f 228/228/228 246/246/246 245/245/245
f 229/229/229 230/230/230 247/247/247
f 229/229/229 247/247/247 246/246/246
f 230/230/230 231/231/231 248/248/248
f 230/230/230 248/248/248 247/247/247
f 231/231/231 232/232/232 249/249/249
f 231/231/231 249/249/249 248/248/248
f 232/232/232 233/233/233 250/250/250
f 232/232/232 250/250/250 249/249/249
f 233/233/233 234/234/234 251/251/251
f 233/233/233 251/251/251 250/250/250
f 234/234/234 235/235/235 252/252/252
f 234/234/234 252/252/252 251/251/251
f 235/235/235 236/236/236 253/253/253
f 235/235/235 253/253/253 252/252/252
f 236/236/236 237/237/237 254/254/254
f 236/236/236 254/254/254 253/253/253
f 237/237/237 238/238/238 255/255/255
f 237/237/237 255/255/255 254/254/254
f 239/239/239 240/240/240 257/257/257
f 239/239/239 257/257/257 256/256/256
f 240/240/240 241/241/241 258/258/258
f 240/240/240 258/258/258 257/257/257
f 241/241/241 242/242/242 259/259/259
f 241/241/241 259/259/259 258/258/258
f 242/242/242 243/243/243 260/260/260
f 242/242/242 260/260/260 259/259/259
f 243/243/243 244/244/244 261/261/261
f 243/243/243 261/261/261 260/260/260
f 244/244/244 245/245/245 262/262/262
f 244/244/244 262/262/262 261/261/261
f 245/245/245 246/246/246 263/263/263
f 245/245/245 263/263/263 262/262/262
f 246/246/246 247/247/247 264/264/264
f 246/246/246 264/264/264 263/263/263
f 247/247/247 248/248/248 265/265/265
f 247/247/247 265/265/265 264/264/264
f 248/248/248 249/249/249 266/266/266
f 248/248/248 266/266/266 265/265/265
f 249/249/249 250/250/250 267/267/267
f 249/249/249 267/267/267 266/266/266
f 250/250/250 251/251/251 268/268/268
f 250/250/250 268/268/268 267/267/267
f 251/251/251 252/252/252 269/269/269
f 251/251/251 269/269/269 268/268/268
f 252/252/252 253/253/253 270/270/270
f 252/252/252 270/270/270 269/269/269
f 253/253/253 254/254/254 271/271/271
f 253/253/253 271/271/271 270/270/270
f 254/254/254 255/255/255 272/272/272
f 254/254/254 272/272/272 271/271/271
f 256/256/256 257/257/257 274/274/274
f 256/256/256 274/274/274 273/273/273
f 257/257/257 258/258/258 275/275/275
f 257/257/257 275/275/275 274/274/274
f 258/258/258 259/259/259 276/276/276
f 258/258/258 276/276/276 275/275/275
f 259/259/259 260/260/260 277/277/277
f 259/259/259 277/277/277 276/276/276
f 260/260/260 261/261/261 278/278/278
f 260/260/260 278/278/278 277/277/277
f 261/261/261 262/262/262 279/279/279
f 261/261/261 279/279/279 278/278/278
f 262/262/262 263/263/263 280/280/280
f 262/262/262 280/280/280 279/279/279
f 263/263/263 264/264/264 281/281/281
f 263/263/263 281/281/281 280/280/280
f 264/264/264 265/265/265 282/282/282
f 264/264/264 282/282/282 281/281/281
f 265/265/265 266/266/266 283/283/283
f 265/265/265 283/283/283 282/282/282
f 266/266/266 267/267/267 284/284/284
f 266/266/266 284/284/284 283/283/283
f 267/267/267 268/268/268 285/285/285
f 267/267/267 285/285/285 284/284/284
f 268/268/268 269/269/269 286/286/286
f 268/268/268 286/286/286 285/285/285
f 269/269/269 270/270/270 287/287/287
f 269/269/269 287/287/287 286/286/286
f 270/270/270 271/271/271 288/288/288
f 270/270/270 288/288/288 287/287/287
f 271/271/271 272/272/272 289/289/289
f 271/271/271 289/289/289 288/288/288
f 273/273/273 274/274/274 291/291/291
f 273/273/273 291/291/291 290/290/290
f 274/274/274 275/275/275 292/292/292
f 274/274/274 292/292/292 291/291/291
f 275/275/275 276/276/276 293/293/293
f 275/275/275 293/293/293 292/292/292
f 276/276/276 277/277/277 294/294/294
f 276/276/276 294/294/294 293/293/293
f 277/277/277 278/278/278 295/295/295
f 277/277/277 295/295/295 294/294/294
f 278/278/278 279/279/279 296/296/296
f 278/278/278 296/296/296 295/295/295
f 279/279/279 280/280/280 297/297/297
f 279/279/279 297/297/297 296/296/296
f 280/280/280 281/281/281 298/298/298
f 280/280/280 298/298/298 297/297/297
f 281/281/281 282/282/282 299/299/299
f 281/281/281 299/299/299 298/298/298
f 282/282/282 283/283/283 300/300/300
f 282/282/282 300/300/300 299/299/299
f 283/283/283 284/284/284 301/301/301
f 283/283/283 301/301/301 300/300/300
f 284/284/284 285/285/285 302/302/302
f 284/284/284 302/302/302 301/301/301
f 285/285/285 286/286/286 303/303/303
f 285/285/285 303/303/303 302/302/302
f 286/286/286 287/287/287 304/304/304
f 286/286/286 304/304/304 303/303/303
f 287/287/287 288/288/288 305/305/305
f 287/287/287 305/305/305 304/304/304
f 288/288/288 289/289/289 306/306/306
f 288/288/288 306/306/306 305/305/305
f 290/290/290 291/291/291 308/308/308
f 290/290/290 308/308/308 307/307/307
f 291/291/291 292/292/292 309/309/309
f 291/291/291 309/309/309 308/308/308
f 292/292/292 293/293/293 310/310/310
f 292/292/292 310/310/310 309/309/309
f 293/293/293 294/294/294 311/311/311
f 293/293/293 311/311/311 310/310/310
f 294/294/294 295/295/295 312/312/312
f 294/294/294 312/312/312 311/311/311
f 295/295/295 296/296/296 313/313/313
f 295/295/295 313/313/313 312/312/312
f 296/296/296 297/297/297 314/314/314
f 296/296/296 314/314/314 313/313/313
f 297/297/297 298/298/298 315/315/315
f 297/297/297 315/315/315 314/314/314
f 298/298/298 299/299/299 316/316/316
f 298/298/298 316/316/316 315/315/315
f 299/299/299 300/300/300 317/317/317
f 299/299/299 317/317/317 316/316/316
f 300/300/300 301/301/301 318/318/318
f 300/300/300 318/318/318 317/317/317
f 301/301/301 302/302/302 319/319/319
f 301/301/301 319/319/319 318/318/318
f 302/302/302 303/303/303 320/320/320
f 302/302/302 320/320/320 319/319/319
f 303/303/303 304/304/304 321/321/321
f 303/303/303 321/321/321 320/320/320
f 304/304/304 305/305/305 322/322/322
f 304/304/304 322/322/322 321/321/321
f 305/305/305 306/306/306 323/323/323
f 305/305/305 323/323/323 322/322/322
f 307/307/307 308/308/308 325/325/325
f 307/307/307 325/325/325 324/324/324
f 308/308/308 309/309/309 326/326/326
f 308/308/308 326/326/326 325/325/325
f 309/309/309 310/310/310 327/327/327
f 309/309/309 327/327/327 326/326/326
f 310/310/310 311/311/311 328/328/328
f 310/310/310 328/328/328 327/327/327
f 311/311/311 312/312/312 329/329/329
f 311/311/311 329/329/329 328/328/328
f 312/312/312 313/313/313 330/330/330
f 312/312/312 330/330/330 329/329/329
f 313/313/313 314/314/314 331/331/331
f 313/313/313 331/331/331 330/330/330
f 314/314/314 315/315/315 332/332/332
f 314/314/314 332/332/332 331/331/331
f 315/315/315 316/316/316 333/333/333
f 315/315/315 333/333/333 332/332/332
f 316/316/316 317/317/317 334/334/334
f 316/316/316 334/334/334 333/333/333
f 317/317/317 318/318/318 335/335/335
f 317/317/317 335/335/335 334/334/334
f 318/318/318 319/319/319 336/336/336
f 318/318/318 336/336/336 335/335/335
f 319/319/319 320/320/320 337/337/337
f 319/319/319 337/337/337 336/336/336
f 320/320/320 321/321/321 338/338/338
f 320/320/320 338/338/338 337/337/337
f 321/321/321 322/322/322 339/339/339
f 321/321/321 339/339/339 338/338/338
f 322/322/322 323/323/323 340/340/340
f 322/322/322 340/340/340 339/339/339
f 324/324/324 325/325/325 342/342/342
f 324/324/324 342/342/342 341/341/341
f 325/325/325 326/326/326 343/343/343
f 325/325/325 343/343/343 342/342/342
f 326/326/326 327/327/327 344/344/344
f 326/326/326 344/344/344 343/343/343
f 327/327/327 328/328/328 345/345/345
f 327/327/327 345/345/345 344/344/344
f 328/328/328 329/329/329 346/346/346
f 328/328/328 346/346/346 345/345/345
f 329/329/329 330/330/330 347/347/347
f 329/329/329 347/347/347 346/346/346
f 330/330/330 331/331/331 348/348/348
f 330/330/330 348/348/348 347/347/347
f 331/331/331 332/332/332 349/349/349
f 331/331/331 349/349/349 348/348/348
f 332/332/332 333/333/333 350/350/350
f 332/332/332 350/350/350 349/349/349
f 333/333/333 334/334/334 351/351/351
f 333/333/333 351/351/351 350/350/350
f 334/334/334 335/335/335 352/352/352
f 334/334/334 352/352/352 351/351/351
f 335/335/335 336/336/336 353/353/353
f 335/335/335 353/353/353 352/352/352
f 336/336/336 337/337/337 354/354/354
f 336/336/336 354/354/354 353/353/353
f 337/337/337 338/338/338 355/355/355
f 337/337/337 355/355/355 354/354/354
f 338/338/338 339/339/339 356/356/356
f 338/338/338 356/356/356 355/355/355
f 339/339/339 340/340/340 357/357/357
f 339/339/339 357/357/357 356/356/356
f 341/341/341 342/342/342 359/359/359
f 341/341/341 359/359/359 358/358/358
f 342/342/342 343/343/343 360/360/360
f 342/342/342 360/360/360 359/359/359
f 343/343/343 344/344/344 361/361/361
f 343/343/343 361/361/361 360/360/360
f 344/344/344 345/345/345 362/362/362
f 344/344/344 362/362/362 361/361/361
f 345/345/345 346/346/346 363/363/363
f 345/345/345 363/363/363 362/362/362
f 346/346/346 347/347/347 364/364/364
f 346/346/346 364/364/364 363/363/363
f 347/347/347 348/348/348 365/365/365
f 347/347/347 365/365/365 364/364/364
f 348/348/348 349/349/349 366/366/366
f 348/348/348 366/366/366 365/365/365
f 349/349/349 350/350/350 367/367/367
f 349/349/349 367/367/367 366/366/366
f 350/350/350 351/351/351 368/368/368
f 350/350/350 368/368/368 367/367/367
f 351/351/351 352/352/352 369/369/369
f 351/351/351 369/369/369 368/368/368
f 352/352/352 353/353/353 370/370/370
f 352/352/352 370/370/370 369/369/369
f 353/353/353 354/354/354 371/371/371
f 353/353/353 371/371/371 370/370/370
f 354/354/354 355/355/355 372/372/372
f 354/354/354 372/372/372 371/371/371
f 355/355/355 356/356/356 373/373/373
f 355/355/355 373/373/373 372/372/372
f 356/356/356 357/357/357 374/374/374
f 356/356/356 374/374/374 373/373/373
f 358/358/358 359/359/359 376/376/376
f 358/358/358 376/376/376 375/375/375
f 359/359/359 360/360/360 377/377/377
f 359/359/359 377/377/377 376/376/376
f 360/360/360 361/361/361 378/378/378
f 360/360/360 378/378/378 377/377/377
f 361/361/361 362/362/362 379/379/379
f 361/361/361 379/379/379 378/378/378
f 362/362/362 363/363/363 380/380/380
f 362/362/362 380/380/380 379/379/379
f 363/363/363 364/364/364 381/381/381
f 363/363/363 381/381/381 380/380/380
f 364/364/364 365/365/365 382/382/382
f 364/364/364 382/382/382 381/381/381
f 365/365/365 366/366/366 383/383/383
f 365/365/365 383/383/383 382/382/382
f 366/366/366 367/367/367 384/384/384
f 366/366/366 384/384/384 383/383/383
f 367/367/367 368/368/368 385/385/385
f 367/367/367 385/385/385 384/384/384
f 368/368/368 369/369/369 386/386/386
f 368/368/368 386/386/386 385/385/385
f 369/369/369 370/370/370 387/387/387
f 369/369/369 387/387/387 386/386/386
f 370/370/370 371/371/371 388/388/388
f 370/370/370 388/388/388 387/387/387
f 371/371/371 372/372/372 389/389/389
f 371/371/371 389/389/389 388/388/388
f 372/372/372 373/373/373 390/390/390
f 372/372/372 390/390/390 389/389/389
f 373/373/373 374/374/374 391/391/391
f 373/373/373 391/391/391 390/390/390
f 375/375/375 376/376/376 393/393/393
f 375/375/375 393/393/393 392/392/392
f 376/376/376 377/377/377 394/394/394
f 376/376/376 394/394/394 393/393/393
f 377/377/377 378/378/378 395/395/395
f 377/377/377 395/395/395 394/394/394
f 378/378/378 379/379/379 396/396/396
f 378/378/378 396/396/396 395/395/395
f 379/379/379 380/380/380 397/397/397
f 379/379/379 397/397/397 396/396/396
f 380/380/380 381/381/381 398/398/398
f 380/380/380 398/398/398 397/397/397
f 381/381/381 382/382/382 399/399/399
f 381/381/381 399/399/399 398/398/398
f 382/382/382 383/383/383 400/400/400
f 382/382/382 400/400/400 399/399/399
f 383/383/383 384/384/384 401/401/401
f 383/383/383 401/401/401 400/400/400
f 384/384/384 385/385/385 402/402/402
f 384/384/384 402/402/402 401/401/401
f 385/385/385 386/386/386 403/403/403
f 385/385/385 403/403/403 402/402/402
f 386/386/386 387/387/387 404/404/404
f 386/386/386 404/404/404 403/403/403
f 387/387/387 388/388/388 405/405/405
f 387/387/387 405/405/405 404/404/404
f 388/388/388 389/389/389 406/406/406
f 388/388/388 406/406/406 405/405/405
f 389/389/389 390/390/390 407/407/407
f 389/389/389 407/407/407 406/406/406
f 390/390/390 391/391/391 408/408/408
f 390/390/390 408/408/408 407/407/407
f 392/392/392 393/393/393 410/410/410
f 392/392/392 410/410/410 409/409/409
f 393/393/393 394/394/394 411/411/411
f 393/393/393 411/411/411 410/410/410
f 394/394/394 395/395/395 412/412/412
f 394/394/394 412/412/412 411/411/411
f 395/395/395 396/396/396 413/413/413
f 395/395/395 413/413/413 412/412/412
f 396/396/396 397/397/397 414/414/414
f 396/396/396 414/414/414 413/413/413
f 397/397/397 398/398/398 415/415/415
f 397/397/397 415/415/415 414/414/414
f 398/398/398 399/399/399 416/416/416
f 398/398/398 416/416/416 415/415/415
f 399/399/399 400/400/400 417/417/417
f 399/399/399 417/417/417 416/416/416
f 400/400/400 401/401/401 418/418/418
f 400/400/400 418/418/418 417/417/417
f 401/401/401 402/402/402 419/419/419
f 401/401/401 419/419/419 418/418/418
f 402/402/402 403/403/403 420/420/420
f 402/402/402 420/420/420 419/419/419
f 403/403/403 404/404/404 421/421/421
f 403/403/403 421/421/421 420/420/420
f 404/404/404 405/405/405 422/422/422
f 404/404/404 422/422/422 421/421/421
f 405/405/405 406/406/406 423/423/423
f 405/405/405 423/423/423 422/422/422
f 406/406/406 407/407/407 424/424/424
f 406/406/406 424/424/424 423/423/423
f 407/407/407 408/408/408 425/425/425
f 407/407/407 425/425/425 424/424/424
f 409/409/409 410/410/410 427/427/427
f 409/409/409 427/427/427 426/426/426
f 410/410/410 411/411/411 428/428/428
f 410/410/410 428/428/428 427/427/427
f 411/411/411 412/412/412 429/429/429
f 411/411/411 429/429/429 428/428/428
f 412/412/412 413/413/413 430/430/430
f 412/412/412 430/430/430 429/429/429
f 413/413/413 414/414/414 431/431/431
f 413/413/413 431/431/431 430/430/430
f 414/414/414 415/415/415 432/432/432
f 414/414/414 432/432/432 431/431/431
f 415/415/415 416/416/416 433/433/433
f 415/415/415 433/433/433 432/432/432
f 416/416/416 417/417/417 434/434/434
f 416/416/416 434/434/434 433/433/433
f 417/417/417 418/418/418 435/435/435
f 417/417/417 435/435/435 434/434/434
f 418/418/418 419/419/419 436/436/436
f 418/418/418 436/436/436 435/435/435
f 419/419/419 420/420/420 437/437/437
f 419/419/419 437/437/437 436/436/436
f 420/420/420 421/421/421 438/438/438
f 420/420/420 438/438/438 437/437/437
f 421/421/421 422/422/422 439/439/439
f 421/421/421 439/439/439 438/438/438
f 422/422/422 423/423/423 440/440/440
f 422/422/422 440/440/440 439/439/439
f 423/423/423 424/424/424 441/441/441
f 423/423/423 441/441/441 440/440/440
f 424/424/424 425/425/425 442/442/442
f 424/424/424 442/442/442 441/441/441
f 426/426/426 427/427/427 444/444/444
f 426/426/426 444/444/444 443/443/443
f 427/427/427 428/428/428 445/445/445
f 427/427/427 445/445/445 444/444/444
f 428/428/428 429/429/429 446/446/446
f 428/428/428 446/446/446 445/445/445
f 429/429/429 430/430/430 447/447/447
f 429/429/429 447/447/447 446/446/446
f 430/430/430 431/431/431 448/448/448
f 430/430/430 448/448/448 447/447/447
f 431/431/431 432/432/432 449/449/449
f 431/431/431 449/449/449 448/448/448
f 432/432/432 433/433/433 450/450/450
f 432/432/432 450/450/450 449/449/449
f 433/433/433 434/434/434 451/451/451
f 433/433/433 451/451/451 450/450/450
f 434/434/434 435/435/435 452/452/452
f 434/434/434 452/452/452 451/451/451
f 435/435/435 436/436/436 453/453/453
f 435/435/435 453/453/453 452/452/452
f 436/436/436 437/437/437 454/454/454
f 436/436/436 454/454/454 453/453/453
f 437/437/437 438/438/438 455/455/455
f 437/437/437 455/455/455 454/454/454
f 438/438/438 439/439/439 456/456/456
f 438/438/438 456/456/456 455/455/455
f 439/439/439 440/440/440 457/457/457
f 439/439/439 457/457/457 456/456/456
f 440/440/440 441/441/441 458/458/458
f 440/440/440 458/458/458 457/457/457
f 441/441/441 442/442/442 459/459/459
f 441/441/441 459/459/459 458/458/458
f 443/443/443 444/444/444 461/461/461
f 443/443/443 461/461/461 460/460/460
f 444/444/444 445/445/445 462/462/462
f 444/444/444 462/462/462 461/461/461
f 445/445/445 446/446/446 463/463/463
f 445/445/445 463/463/463 462/462/462
f 446/446/446 447/447/447 464/464/464
f 446/446/446 464/464/464 463/463/463
f 447/447/447 448/448/448 465/465/465
f 447/447/447 465/465/465 464/464/464
f 448/448/448 449/449/449 466/466/466
f 448/448/448 466/466/466 465/465/465
f 449/449/449 450/450/450 467/467/467
f 449/449/449 467/467/467 466/466/466
f 450/450/450 451/451/451 468/468/468
f 450/450/450 468/468/468 467/467/467
f 451/451/451 452/452/452 469/469/469
f 451/451/451 469/469/469 468/468/468
f 452/452/452 453/453/453 470/470/470
f 452/452/452 470/470/470 469/469/469
f 453/453/453 454/454/454 471/471/471
f 453/453/453 471/471/471 470/470/470
f 454/454/454 455/455/455 472/472/472
f 454/454/454 472/472/472 471/471/471
f 455/455/455 456/456/456 473/473/473
f 455/455/455 473/473/473 472/472/472
f 456/456/456 457/457/457 474/474/474
f 456/456/456 474/474/474 473/473/473
f 457/457/457 458/458/458 475/475/475
f 457/457/457 475/475/475 474/474/474
f 458/458/458 459/459/459 476/476/476
f 458/458/458 476/476/476 475/475/475
f 460/460/460 461/461/461 478/478/478
f 460/460/460 478/478/478 477/477/477
f 461/461/461 462/462/462 479/479/479
f 461/461/461 479/479/479 478/478/478
f 462/462/462 463/463/463 480/480/480
f 462/462/462 480/480/480 479/479/479
f 463/463/463 464/464/464 481/481/481
f 463/463/463 481/481/481 480/480/480
f 464/464/464 465/465/465 482/482/482
f 464/464/464 482/482/482 481/481/481
f 465/465/465 466/466/466 483/483/483
f 465/465/465 483/483/483 482/482/482
f 466/466/466 467/467/467 484/484/484
f 466/466/466 484/484/484 483/483/483
f 467/467/467 468/468/468 485/485/485
f 467/467/467 485/485/485 484/484/484
f 468/468/468 469/469/469 486/486/486
f 468/468/468 486/486/486 485/485/485
f 469/469/469 470/470/470 487/487/487
f 469/469/469 487/487/487 486/486/486
f 470/470/470 471/471/471 488/488/488
f 470/470/470 488/488/488 487/487/487
f 471/471/471 472/472/472 489/489/489
f 471/471/471 489/489/489 488/488/488
f 472/472/472 473/473/473 490/490/490
f 472/472/472 490/490/490 489/489/489
f 473/473/473 474/474/474 491/491/491
f 473/473/473 491/491/491 490/490/490
f 474/474/474 475/475/475 492/492/492
f 474/474/474 492/492/492 491/491/491
f 475/475/475 476/476/476 493/493/493
f 475/475/475 493/493/493 492/492/492
f 477/477/477 478/478/478 495/495/495
f 477/477/477 495/495/495 494/494/494
f 478/478/478 479/479/479 496/496/496
f 478/478/478 496/496/496 495/495/495
f 479/479/479 480/480/480 497/497/497
f 479/479/479 497/497/497 496/496/496
f 480/480/480 481/481/481 498/498/498
f 480/480/480 498/498/498 497/497/497
f 481/481/481 482/482/482 499/499/499
f 481/481/481 499/499/499 498/498/498
f 482/482/482 483/483/483 500/500/500
f 482/482/482 500/500/500 499/499/499
f 483/483/483 484/484/484 501/501/501
f 483/483/483 501/501/501 500/500/500
f 484/484/484 485/485/485 502/502/502
f 484/484/484 502/502/502 501/501/501
f 485/485/485 486/486/486 503/503/503
f 485/485/485 503/503/503 502/502/502
f 486/486/486 487/487/487 504/504/504
f 486/486/486 504/504/504 503/503/503
f 487/487/487 488/488/488 505/505/505
f 487/487/487 505/505/505 504/504/504
f 488/488/488 489/489/489 506/506/506
f 488/488/488 506/506/506 505/505/505
f 489/489/489 490/490/490 507/507/507
f 489/489/489 507/507/507 506/506/506
f 490/490/490 491/491/491 508/508/508
f 490/490/490 508/508/508 507/507/507
f 491/491/491 492/492/492 509/509/509
f 491/491/491 509/509/509 508/508/508
f 492/492/492 493/493/493 510/510/510
f 492/492/492 510/510/510 509/509/509
f 494/494/494 495/495/495 512/512/512
f 494/494/494 512/512/512 511/511/511
f 495/495/495 496/496/496 513/513/513
f 495/495/495 513/513/513 512/512/512
f 496/496/496 497/497/497 514/514/514
f 496/496/496 514/514/514 513/513/513
f 497/497/497 498/498/498 515/515/515
f 497/497/497 515/515/515 514/514/514
f 498/498/498 499/499/499 516/516/516
f 498/498/498 516/516/516 515/515/515
f 499/499/499 500/500/500 517/517/517
f 499/499/499 517/517/517 516/516/516
f 500/500/500 501/501/501 518/518/518
f 500/500/500 518/518/518 517/517/517
f 501/501/501 502/502/502 519/519/519
f 501/501/501 519/519/519 518/518/518
f 502/502/502 503/503/503 520/520/520
f 502/502/502 520/520/520 519/519/519
f 503/503/503 504/504/504 521/521/521
f 503/503/503 521/521/521 520/520/520
f 504/504/504 505/505/505 522/522/522
f 504/504/504 522/522/522 521/521/521
f 505/505/505 506/506/506 523/523/523
f 505/505/505 523/523/523 522/522/522
f 506/506/506 507/507/507 524/524/524
f 506/506/506 524/524/524 523/523/523
f 507/507/507 508/508/508 525/525/525
f 507/507/507 525/525/525 524/524/524
f 508/508/508 509/509/509 526/526/526
f 508/508/508 526/526/526 525/525/525
f 509/509/509 510/510/510 527/527/527
f 509/509/509 527/527/527 526/526/526
f 511/511/511 512/512/512 529/529/529
f 511/511/511 529/529/529 528/528/528
f 512/512/512 513/513/513 530/530/530
f 512/512/512 530/530/530 529/529/529
f 513/513/513 514/514/514 531/531/531
f 513/513/513 531/531/531 530/530/530
f 514/514/514 515/515/515 532/532/532
f 514/514/514 532/532/532 531/531/531
f 515/515/515 516/516/516 533/533/533
f 515/515/515 533/533/533 532/532/532
f 516/516/516 517/517/517 534/534/534
f 516/516/516 534/534/534 533/533/533
f 517/517/517 518/518/518 535/535/535
f 517/517/517 535/535/535 534/534/534
f 518/518/518 519/519/519 536/536/536
f 518/518/518 536/536/536 535/535/535
f 519/519/519 520/520/520 537/537/537
f 519/519/519 537/537/537 536/536/536
f 520/520/520 521/521/521 538/538/538
f 520/520/520 538/538/538 537/537/537
f 521/521/521 522/522/522 539/539/539
f 521/521/521 539/539/539 538/538/538
f 522/522/522 523/523/523 540/540/540
f 522/522/522 540/540/540 539/539/539
f 523/523/523 524/524/524 541/541/541
f 523/523/523 541/541/541 540/540/540
f 524/524/524 525/525/525 542/542/542
f 524/524/524 542/542/542 541/541/541
f 525/525/525 526/526/526 543/543/543
f 525/525/525 543/543/543 542/542/542
f 526/526/526 527/527/527 544/544/544
f 526/526/526 544/544/544 543/543/543
f 528/528/528 529/529/529 546/546/546
f 528/528/528 546/546/546 545/545/545
f 529/529/529 530/530/530 547/547/547
f 529/529/529 547/547/547 546/546/546
f 530/530/530 531/531/531 548/548/548
f 530/530/530 548/548/548 547/547/547
f 531/531/531 532/532/532 549/549/549
f 531/531/531 549/549/549 548/548/548
f 532/532/532 533/533/533 550/550/550
f 532/532/532 550/550/550 549/549/549
f 533/533/533 534/534/534 551/551/551
f 533/533/533 551/551/551 550/550/550
f 534/534/534 535/535/535 552/552/552
f 534/534/534 552/552/552 551/551/551
f 535/535/535 536/536/536 553/553/553
f 535/535/535 553/553/553 552/552/552
f 536/536/536 537/537/537 554/554/554
f 536/536/536 554/554/554 553/553/553
f 537/537/537 538/538/538 555/555/555
f 537/537/537 555/555/555 554/554/554
f 538/538/538 539/539/539 556/556/556
f 538/538/538 556/556/556 555/555/555
f 539/539/539 540/540/540 557/557/557
f 539/539/539 557/557/557 556/556/556
f 540/540/540 541/541/541 558/558/558
f 540/540/540 558/558/558 557/557/557
f 541/541/541 542/542/542 559/559/559
f 541/541/541 559/559/559 558/558/558
f 542/542/542 543/543/543 560/560/560
f 542/542/542 560/560/560 559/559/559
f 543/543/543 544/544/544 561/561/561
f 543/543/543 561/561/561 560/560/560
f 545/545/545 546/546/546 563/563/563
f 545/545/545 563/563/563 562/562/562
f 546/546/546 547/547/547 564/564/564
f 546/546/546 564/564/564 563/563/563
f 547/547/547 548/548/548 565/565/565
f 547/547/547 565/565/565 564/564/564
f 548/548/548 549/549/549 566/566/566
f 548/548/548 566/566/566 565/565/565
f 549/549/549 550/550/550 567/567/567
f 549/549/549 567/567/567 566/566/566
f 550/550/550 551/551/551 568/568/568
f 550/550/550 568/568/568 567/567/567
f 551/551/551 552/552/552 569/569/569
f 551/551/551 569/569/569 568/568/568
f 552/552/552 553/553/553 570/570/570
f 552/552/552 570/570/570 569/569/569
f 553/553/553 554/554/554 571/571/571
f 553/553/553 571/571/571 570/570/570
f 554/554/554 555/555/555 572/572/572
f 554/554/554 572/572/572 571/571/571
f 555/555/555 556/556/556 573/573/573
f 555/555/555 573/573/573 572/572/572
f 556/556/556 557/557/557 574/574/574
f 556/556/556 574/574/574 573/573/573
f 557/557/557 558/558/558 575/575/575
f 557/557/557 575/575/575 574/574/574
f 558/558/558 559/559/559 576/576/576
f 558/558/558 576/576/576 575/575/575
f 559/559/559 560/560/560 577/577/577
f 559/559/559 577/577/577 576/576/576
f 560/560/560 561/561/561 578/578/578
f 560/560/560 578/578/578 577/577/577
f 562/562/562 563/563/563 580/580/580
f 562/562/562 580/580/580 579/579/579
f 563/563/563 564/564/564 581/581/581
f 563/563/563 581/581/581 580/580/580
f 564/564/564 565/565/565 582/582/582
f 564/564/564 582/582/582 581/581/581
f 565/565/565 566/566/566 583/583/583
f 565/565/565 583/583/583 582/582/582
f 566/566/566 567/567/567 584/584/584
f 566/566/566 584/584/584 583/583/583
f 567/567/567 568/568/568 585/585/585
f 567/567/567 585/585/585 584/584/584
f 568/568/568 569/569/569 586/586/586
f 568/568/568 586/586/586 585/585/585
f 569/569/569 570/570/570 587/587/587
f 569/569/569 587/587/587 586/586/586
f 570/570/570 571/571/571 588/588/588
f 570/570/570 588/588/588 587/587/587
f 571/571/571 572/572/572 589/589/589
f 571/571/571 589/589/589 588/588/588
f 572/572/572 573/573/573 590/590/590
f 572/572/572 590/590/590 589/589/589
f 573/573/573 574/574/574 591/591/591
f 573/573/573 591/591/591 590/590/590
f 574/574/574 575/575/575 592/592/592
f 574/574/574 592/592/592 591/591/591
f 575/575/575 576/576/576 593/593/593
f 575/575/575 593/593/593 592/592/592
f 576/576/576 577/577/577 594/594/594
f 576/576/576 594/594/594 593/593/593
f 577/577/577 578/578/578 595/595/595
f 577/577/577 595/595/595 594/594/594
f 579/579/579 580/580/580 597/597/597
f 579/579/579 597/597/597 596/596/596
f 580/580/580 581/581/581 598/598/598
f 580/580/580 598/598/598 597/597/597
f 581/581/581 582/582/582 599/599/599
f 581/581/581 599/599/599 598/598/598
f 582/582/582 583/583/583 600/600/600
f 582/582/582 600/600/600 599/599/599
f 583/583/583 584/584/584 601/601/601
f 583/583/583 601/601/601 600/600/600
f 584/584/584 585/585/585 602/602/602
f 584/584/584 602/602/602 601/601/601
f 585/585/585 586/586/586 603/603/603
f 585/585/585 603/603/603 602/602/602
f 586/586/586 587/587/587 604/604/604
f 586/586/586 604/604/604 603/603/603
f 587/587/587 588/588/588 605/605/605
f 587/587/587 605/605/605 604/604/604
f 588/588/588 589/589/589 606/606/606
f 588/588/588 606/606/606 605/605/605
f 589/589/589 590/590/590 607/607/607
f 589/589/589 607/607/607 606/606/606
f 590/590/590 591/591/591 608/608/608
f 590/590/590 608/608/608 607/607/607
f 591/591/591 592/592/592 609/609/609
f 591/591/591 609/609/609 608/608/608
f 592/592/592 593/593/593 610/610/610
f 592/592/592 610/610/610 609/609/609
f 593/593/593 594/594/594 611/611/611
f 593/593/593 611/611/611 610/610/610
f 594/594/594 595/595/595 612/612/612
f 594/594/594 612/612/612 611/611/611
f 596/596/596 597/597/597 614/614/614
f 596/596/596 614/614/614 613/613/613
f 597/597/597 598/598/598 615/615/615
f 597/597/597 615/615/615 614/614/614
f 598/598/598 599/599/599 616/616/616
f 598/598/598 616/616/616 615/615/615
f 599/599/599 600/600/600 617/617/617
f 599/599/599 617/617/617 616/616/616
f 600/600/600 601/601/601 618/618/618
f 600/600/600 618/618/618 617/617/617
f 601/601/601 602/602/602 619/619/619
f 601/601/601 619/619/619 618/618/618
f 602/602/602 603/603/603 620/620/620
f 602/602/602 620/620/620 619/619/619
f 603/603/603 604/604/604 621/621/621
f 603/603/603 621/621/621 620/620/620
f 604/604/604 605/605/605 622/622/622
f 604/604/604 622/622/622 621/621/621
f 605/605/605 606/606/606 623/623/623
f 605/605/605 623/623/623 622/622/622
f 606/606/606 607/607/607 624/624/624
f 606/606/606 624/624/624 623/623/623
f 607/607/607 608/608/608 625/625/625
f 607/607/607 625/625/625 624/624/624
f 608/608/608 609/609/609 626/626/626
f 608/608/608 626/626/626 625/625/625
f 609/609/609 610/610/610 627/627/627
f 609/609/609 627/627/627 626/626/626
f 610/610/610 611/611/611 628/628/628
f 610/610/610 628/628/628 627/627/627
f 611/611/611 612/612/612 629/629/629
f 611/611/611 629/629/629 628/628/628
f 613/613/613 614/614/614 631/631/631
f 613/613/613 631/631/631 630/630/630
f 614/614/614 615/615/615 632/632/632
f 614/614/614 632/632/632 631/631/631
f 615/615/615 616/616/616 633/633/633
f 615/615/615 633/633/633 632/632/632
f 616/616/616 617/617/617 634/634/634
f 616/616/616 634/634/634 633/633/633
f 617/617/617 618/618/618 635/635/635
f 617/617/617 635/635/635 634/634/634
f 618/618/618 619/619/619 636/636/636
f 618/618/618 636/636/636 635/635/635
f 619/619/619 620/620/620 637/637/637
f 619/619/619 637/637/637 636/636/636
f 620/620/620 621/621/621 638/638/638
f 620/620/620 638/638/638 637/637/637
f 621/621/621 622/622/622 639/639/639
f 621/621/621 639/639/639 638/638/638
f 622/622/622 623/623/623 640/640/640
f 622/622/622 640/640/640 639/639/639
f 623/623/623 624/624/624 641/641/641
f 623/623/623 641/641/641 640/640/640
f 624/624/624 625/625/625 642/642/642
f 624/624/624 642/642/642 641/641/641
f 625/625/625 626/626/626 643/643/643
f 625/625/625 643/643/643 642/642/642
f 626/626/626 627/627/627 644/644/644
f 626/626/626 644/644/644 643/643/643
f 627/627/627 628/628/628 645/645/645
f 627/627/627 645/645/645 644/644/644
f 628/628/628 629/629/629 646/646/646
f 628/628/628 646/646/646 645/645/645
f 630/630/630 631/631/631 648/648/648
f 630/630/630 648/648/648 647/647/647
f 631/631/631 632/632/632 649/649/649
f 631/631/631 649/649/649 648/648/648
f 632/632/632 633/633/633 650/650/650
f 632/632/632 650/650/650 649/649/649
f 633/633/633 634/634/634 651/651/651
f 633/633/633 651/651/651 650/650/650
f 634/634/634 635/635/635 652/652/652
f 634/634/634 652/652/652 651/651/651
f 635/635/635 636/636/636 653/653/653
f 635/635/635 653/653/653 652/652/652
f 636/636/636 637/637/637 654/654/654
f 636/636/636 654/654/654 653/653/653
f 637/637/637 638/638/638 655/655/655
f 637/637/637 655/655/655 654/654/654
f 638/638/638 639/639/639 656/656/656
f 638/638/638 656/656/656 655/655/655
f 639/639/639 640/640/640 657/657/657
f 639/639/639 657/657/657 656/656/656
f 640/640/640 641/641/641 658/658/658
f 640/640/640 658/658/658 657/657/657
f 641/641/641 642/642/642 659/659/659
f 641/641/641 659/659/659 658/658/658
f 642/642/642 643/643/643 660/660/660
f 642/642/642 660/660/660 659/659/659
f 643/643/643 644/644/644 661/661/661
f 643/643/643 661/661/661 660/660/660
f 644/644/644 645/645/645 662/662/662
f 644/644/644 662/662/662 661/661/661
f 645/645/645 646/646/646 663/663/663
f 645/645/645 663/663/663 662/662/662
f 647/647/647 648/648/648 665/665/665
f 647/647/647 665/665/665 664/664/664
f 648/648/648 649/649/649 666/666/666
f 648/648/648 666/666/666 665/665/665
f 649/649/649 650/650/650 667/667/667
f 649/649/649 667/667/667 666/666/666
f 650/650/650 651/651/651 668/668/668
f 650/650/650 668/668/668 667/667/667
f 651/651/651 652/652/652 669/669/669
f 651/651/651 669/669/669 668/668/668
f 652/652/652 653/653/653 670/670/670
f 652/652/652 670/670/670 669/669/669
f 653/653/653 654/654/654 671/671/671
f 653/653/653 671/671/671 670/670/670
f 654/654/654 655/655/655 672/672/672
f 654/654/654 672/672/672 671/671/671
f 655/655/655 656/656/656 673/673/673
f 655/655/655 673/673/673 672/672/672
f 656/656/656 657/657/657 674/674/674
f 656/656/656 674/674/674 673/673/673
f 657/657/657 658/658/658 675/675/675
f 657/657/657 675/675/675 674/674/674
f 658/658/658 659/659/659 676/676/676
f 658/658/658 676/676/676 675/675/675
f 659/659/659 660/660/660 677/677/677
f 659/659/659 677/677/677 676/676/676
f 660/660/660 661/661/661 678/678/678
f 660/660/660 678/678/678 677/677/677
f 661/661/661 662/662/662 679/679/679
f 661/661/661 679/679/679 678/678/678
f 662/662/662 663/663/663 680/680/680
f 662/662/662 680/680/680 679/679/679
f 664/664/664 665/665/665 682/682/682
f 664/664/664 682/682/682 681/681/681
f 665/665/665 666/666/666 683/683/683
f 665/665/665 683/683/683 682/682/682
f 666/666/666 667/667/667 684/684/684
f 666/666/666 684/684/684 683/683/683
f 667/667/667 668/668/668 685/685/685
f 667/667/667 685/685/685 684/684/684
f 668/668/668 669/669/669 686/686/686
f 668/668/668 686/686/686 685/685/685
f 669/669/669 670/670/670 687/687/687
f 669/669/669 687/687/687 686/686/686
f 670/670/670 671/671/671 688/688/688
f 670/670/670 688/688/688 687/687/687
f 671/671/671 672/672/672 689/689/689
f 671/671/671 689/689/689 688/688/688
f 672/672/672 673/673/673 690/690/690
f 672/672/672 690/690/690 689/689/689
f 673/673/673 674/674/674 691/691/691
f 673/673/673 691/691/691 690/690/690
f 674/674/674 675/675/675 692/692/692
f 674/674/674 692/692/692 691/691/691
f 675/675/675 676/676/676 693/693/693
f 675/675/675 693/693/693 692/692/692
f 676/676/676 677/677/677 694/694/694
f 676/676/676 694/694/694 693/693/693
f 677/677/677 678/678/678 695/695/695
f 677/677/677 695/695/695 694/694/694
f 678/678/678 679/679/679 696/696/696
f 678/678/678 696/696/696 695/695/695
f 679/679/679 680/680/680 697/697/697
f 679/679/679 697/697/697 696/696/696
f 681/681/681 682/682/682 699/699/699
f 681/681/681 699/699/699 698/698/698
f 682/682/682 683/683/683 700/700/700
f 682/682/682 700/700/700 699/699/699
f 683/683/683 684/684/684 701/701/701
f 683/683/683 701/701/701 700/700/700
f 684/684/684 685/685/685 702/702/702
f 684/684/684 702/702/702 701/701/701
f 685/685/685 686/686/686 703/703/703
f 685/685/685 703/703/703 702/702/702
f 686/686/686 687/687/687 704/704/704
f 686/686/686 704/704/704 703/703/703
f 687/687/687 688/688/688 705/705/705
f 687/687/687 705/705/705 704/704/704
f 688/688/688 689/689/689 706/706/706
f 688/688/688 706/706/706 705/705/705
f 689/689/689 690/690/690 707/707/707
f 689/689/689 707/707/707 706/706/706
f 690/690/690 691/691/691 708/708/708
f 690/690/690 708/708/708 707/707/707
f 691/691/691 692/692/692 709/709/709
f 691/691/691 709/709/709 708/708/708
f 692/692/692 693/693/693 710/710/710
f 692/692/692 710/710/710 709/709/709
f 693/693/693 694/694/694 711/711/711
f 693/693/693 711/711/711 710/710/710
f 694/694/694 695/695/695 712/712/712
f 694/694/694 712/712/712 711/711/711
f 695/695/695 696/696/696 713/713/713
f 695/695/695 713/713/713 712/712/712
f 696/696/696 697/697/697 714/714/714
f 696/696/696 714/714/714 713/713/713
f 698/698/698 699/699/699 716/716/716
f 698/698/698 716/716/716 715/715/715
f 699/699/699 700/700/700 717/717/717
f 699/699/699 717/717/717 716/716/716
f 700/700/700 701/701/701 718/718/718
f 700/700/700 718/718/718 717/717/717
f 701/701/701 702/702/702 719/719/719
f 701/701/701 719/719/719 718/718/718
f 702/702/702 703/703/703 720/720/720
f 702/702/702 720/720/720 719/719/719
f 703/703/703 704/704/704 721/721/721
f 703/703/703 721/721/721 720/720/720
f 704/704/704 705/705/705 722/722/722
f 704/704/704 722/722/722 721/721/721
f 705/705/705 706/706/706 723/723/723
f 705/705/705 723/723/723 722/722/722
f 706/706/706 707/707/707 724/724/724
f 706/706/706 724/724/724 723/723/723
f 707/707/707 708/708/708 725/725/725
f 707/707/707 725/725/725 724/724/724
f 708/708/708 709/709/709 726/726/726
f 708/708/708 726/726/726 725/725/725
f 709/709/709 710/710/710 727/727/727
f 709/709/709 727/727/727 726/726/726
f 710/710/710 711/711/711 728/728/728
f 710/710/710 728/728/728 727/727/727
f 711/711/711 712/712/712 729/729/729
f 711/711/711 729/729/729 728/728/728
f 712/712/712 713/713/713 730/730/730
f 712/712/712 730/730/730 729/729/729
f 713/713/713 714/714/714 731/731/731
f 713/713/713 731/731/731 730/730/730
f 715/715/715 716/716/716 733/733/733
f 715/715/715 733/733/733 732/732/732
f 716/716/716 717/717/717 734/734/734
f 716/716/716 734/734/734 733/733/733
f 717/717/717 718/718/718 735/735/735
f 717/717/717 735/735/735 734/734/734
f 718/718/718 719/719/719 736/736/736
f 718/718/718 736/736/736 735/735/735
f 719/719/719 720/720/720 737/737/737
f 719/719/719 737/737/737 736/736/736
f 720/720/720 721/721/721 738/738/738
f 720/720/720 738/738/738 737/737/737
f 721/721/721 722/722/722 739/739/739
f 721/721/721 739/739/739 738/738/738
f 722/722/722 723/723/723 740/740/740
f 722/722/722 740/740/740 739/739/739
f 723/723/723 724/724/724 741/741/741
f 723/723/723 741/741/741 740/740/740
f 724/724/724 725/725/725 742/742/742
f 724/724/724 742/742/742 741/741/741
f 725/725/725 726/726/726 743/743/743
f 725/725/725 743/743/743 742/742/742
f 726/726/726 727/727/727 744/744/744
f 726/726/726 744/744/744 743/743/743
f 727/727/727 728/728/728 745/745/745
f 727/727/727 745/745/745 744/744/744
f 728/728/728 729/729/729 746/746/746
f 728/728/728 746/746/746 745/745/745
f 729/729/729 730/730/730 747/747/747
f 729/729/729 747/747/747 746/746/746
f 730/730/730 731/731/731 748/748/748
f 730/730/730 748/748/748 747/747/747
f 732/732/732 733/733/733 750/750/750
f 732/732/732 750/750/750 749/749/749
f 733/733/733 734/734/734 751/751/751
f 733/733/733 751/751/751 750/750/750
f 734/734/734 735/735/735 752/752/752
f 734/734/734 752/752/752 751/751/751
f 735/735/735 736/736/736 753/753/753
f 735/735/735 753/753/753 752/752/752
f 736/736/736 737/737/737 754/754/754
f 736/736/736 754/754/754 753/753/753
f 737/737/737 738/738/738 755/755/755
f 737/737/737 755/755/755 754/754/754
f 738/738/738 739/739/739 756/756/756
f 738/738/738 756/756/756 755/755/755
f 739/739/739 740/740/740 757/757/757
f 739/739/739 757/757/757 756/756/756
f 740/740/740 741/741/741 758/758/758
f 740/740/740 758/758/758 757/757/757
f 741/741/741 742/742/742 759/759/759
f 741/741/741 759/759/759 758/758/758
f 742/742/742 743/743/743 760/760/760
f 742/742/742 760/760/760 759/759/759
f 743/743/743 744/744/744 761/761/761
f 743/743/743 761/761/761 760/760/760
f 744/744/744 745/745/745 762/762/762
f 744/744/744 762/762/762 761/761/761
f 745/745/745 746/746/746 763/763/763
f 745/745/745 763/763/763 762/762/762
f 746/746/746 747/747/747 764/764/764
f 746/746/746 764/764/764 763/763/763
f 747/747/747 748/748/748 765/765/765
f 747/747/747 765/765/765 764/764/764
f 749/749/749 750/750/750 767/767/767
f 749/749/749 767/767/767 766/766/766
f 750/750/750 751/751/751 768/768/768
f 750/750/750 768/768/768 767/767/767
f 751/751/751 752/752/752 769/769/769
f 751/751/751 769/769/769 768/768/768
f 752/752/752 753/753/753 770/770/770
f 752/752/752 770/770/770 769/769/769
f 753/753/753 754/754/754 771/771/771
f 753/753/753 771/771/771 770/770/770
f 754/754/754 755/755/755 772/772/772
f 754/754/754 772/772/772 771/771/771
f 755/755/755 756/756/756 773/773/773
f 755/755/755 773/773/773 772/772/772
f 756/756/756 757/757/757 774/774/774
f 756/756/756 774/774/774 773/773/773
f 757/757/757 758/758/758 775/775/775
f 757/757/757 775/775/775 774/774/774
f 758/758/758 759/759/759 776/776/776
f 758/758/758 776/776/776 775/775/775
f 759/759/759 760/760/760 777/777/777
f 759/759/759 777/777/777 776/776/776
f 760/760/760 761/761/761 778/778/778
f 760/760/760 778/778/778 777/777/777
f 761/761/761 762/762/762 779/779/779
f 761/761/761 779/779/779 778/778/778
f 762/762/762 763/763/763 780/780/780
f 762/762/762 780/780/780 779/779/779
f 763/763/763 764/764/764 781/781/781
f 763/763/763 781/781/781 780/780/780
f 764/764/764 765/765/765 782/782/782
f 764/764/764 782/782/782 781/781/781
f 766/766/766 767/767/767 784/784/784
f 766/766/766 784/784/784 783/783/783
f 767/767/767 768/768/768 785/785/785
f 767/767/767 785/785/785 784/784/784
f 768/768/768 769/769/769 786/786/786
f 768/768/768 786/786/786 785/785/785
f 769/769/769 770/770/770 787/787/787
f 769/769/769 787/787/787 786/786/786
f 770/770/770 771/771/771 788/788/788
f 770/770/770 788/788/788 787/787/787
f 771/771/771 772/772/772 789/789/789
f 771/771/771 789/789/789 788/788/788
f 772/772/772 773/773/773 790/790/790
f 772/772/772 790/790/790 789/789/789
f 773/773/773 774/774/774 791/791/791
f 773/773/773 791/791/791 790/790/790
f 774/774/774 775/775/775 792/792/792
f 774/774/774 792/792/792 791/791/791
f 775/775/775 776/776/776 793/793/793
f 775/775/775 793/793/793 792/792/792
f 776/776/776 777/777/777 794/794/794
f 776/776/776 794/794/794 793/793/793
f 777/777/777 778/778/778 795/795/795
f 777/777/777 795/795/795 794/794/794
f 778/778/778 779/779/779 796/796/796
f 778/778/778 796/796/796 795/795/795
f 779/779/779 780/780/780 797/797/797
f 779/779/779 797/797/797 796/796/796
f 780/780/780 781/781/781 798/798/798
f 780/780/780 798/798/798 797/797/797
f 781/781/781 782/782/782 799/799/799
f 781/781/781 799/799/799 798/798/798
f 783/783/783 784/784/784 801/801/801
f 783/783/783 801/801/801 800/800/800
f 784/784/784 785/785/785 802/802/802
f 784/784/784 802/802/802 801/801/801
f 785/785/785 786/786/786 803/803/803
f 785/785/785 803/803/803 802/802/802
f 786/786/786 787/787/787 804/804/804
f 786/786/786 804/804/804 803/803/803
f 787/787/787 788/788/788 805/805/805
f 787/787/787 805/805/805 804/804/804
f 788/788/788 789/789/789 806/806/806
f 788/788/788 806/806/806 805/805/805
f 789/789/789 790/790/790 807/807/807
f 789/789/789 807/807/807 806/806/806
f 790/790/790 791/791/791 808/808/808
f 790/790/790 808/808/808 807/807/807
f 791/791/791 792/792/792 809/809/809
f 791/791/791 809/809/809 808/808/808
f 792/792/792 793/793/793 810/810/810
f 792/792/792 810/810/810 809/809/809
f 793/793/793 794/794/794 811/811/811
f 793/793/793 811/811/811 810/810/810
f 794/794/794 795/795/795 812/812/812
f 794/794/794 812/812/812 811/811/811
f 795/795/795 796/796/796 813/813/813
f 795/795/795 813/813/813 812/812/812
f 796/796/796 797/797/797 814/814/814
f 796/796/796 814/814/814 813/813/813
f 797/797/797 798/798/798 815/815/815
f 797/797/797 815/815/815 814/814/814
f 798/798/798 799/799/799 816/816/816
f 798/798/798 816/816/816 815/815/815
f 800/800/800 801/801/801 818/818/818
f 800/800/800 818/818/818 817/817/817
f 801/801/801 802/802/802 819/819/819
f 801/801/801 819/819/819 818/818/818
f 802/802/802 803/803/803 820/820/820
f 802/802/802 820/820/820 819/819/819
f 803/803/803 804/804/804 821/821/821
f 803/803/803 821/821/821 820/820/820
f 804/804/804 805/805/805 822/822/822
f 804/804/804 822/822/822 821/821/821
f 805/805/805 806/806/806 823/823/823
f 805/805/805 823/823/823 822/822/822
f 806/806/806 807/807/807 824/824/824
f 806/806/806 824/824/824 823/823/823
f 807/807/807 808/808/808 825/825/825
f 807/807/807 825/825/825 824/824/824
f 808/808/808 809/809/809 826/826/826
f 808/808/808 826/826/826 825/825/825
f 809/809/809 810/810/810 827/827/827
f 809/809/809 827/827/827 826/826/826
f 810/810/810 811/811/811 828/828/828
f 810/810/810 828/828/828 827/827/827
f 811/811/811 812/812/812 829/829/829
f 811/811/811 829/829/829 828/828/828
f 812/812/812 813/813/813 830/830/830
f 812/812/812 830/830/830 829/829/829
f 813/813/813 814/814/814 831/831/831
f 813/813/813 831/831/831 830/830/830
f 814/814/814 815/815/815 832/832/832
f 814/814/814 832/832/832 831/831/831
f 815/815/815 816/816/816 833/833/833
f 815/815/815 833/833/833 832/832/832
